apt_name,address,build_year,total_households,total_floor_area,prop_under_60,prop_60_to_85,prop_85_to_135,prop_over_135,latitude,longitude
개봉건영,서울특별시 구로구 고척로21나길 85-6,1994,209,24523.0,0.0,100.0,0.0,0.0,37.5011622,126.8406749
잠원한신그린,서울특별시 서초구 신반포로33길 71,1993,150,17968.0,0.0,100.0,0.0,0.0,37.5133709,127.0078749
명일삼익그린11차,서울특별시 강동구 명일로 376,1986,152,18346.0,0.0,60.5,39.5,0.0,37.5518066,127.1504982
여의도초원,서울특별시 영등포구 국회대로76가길 11,1971,153,13657.0,0.0,100.0,0.0,0.0,37.5309637,126.9231927
엠브이아파트,서울특별시 서초구 고무래로10길 39,1994,154,21910.0,35.1,39.0,26.0,0.0,37.4992014,127.0102751
신도림우성5차,서울특별시 구로구 신도림로21길 21,1994,154,16328.0,36.4,63.6,0.0,0.0,37.5127235,126.8837922
유원목동,서울특별시 양천구 신목로 77,1990,156,16977.0,0.0,100.0,0.0,0.0,37.5217974,126.8736268
천호현대,서울특별시 강동구 진황도로 47-2,1990,156,13497.0,30.8,69.2,0.0,0.0,37.5383992,127.1329005
중화극동,서울특별시 중랑구 봉화산로27길 32,1991,156,17030.0,0.0,100.0,0.0,0.0,37.6036519,127.0837949
자양한강극동,서울특별시 광진구 능동로3길 53,1991,158,17449.0,0.0,100.0,0.0,0.0,37.5336956,127.0644764
가락현대6차,서울특별시 송파구 송이로19길 8,1991,160,17690.0,0.0,100.0,0.0,0.0,37.4972327,127.1226268
여의도화랑,서울특별시 영등포구 국제금융로7가길 21,1977,160,20628.0,0.0,0.0,75.0,25.0,37.5221449,126.9355476
문래진주,서울특별시 영등포구 선유로9길 31,1984,160,20732.0,0.0,50.0,50.0,0.0,37.5171755,126.8847882
신길삼두,서울특별시 영등포구 여의대방로61길 19,1987,160,10684.0,100.0,0.0,0.0,0.0,37.5143228,126.9238594
경남아파트-응암경남,서울특별시 은평구 가좌로7나길 35,1995,160,17366.0,39.4,60.6,0.0,0.0,37.5833193,126.9203156
방화진로,서울특별시 강서구 금낭화로 258,1994,160,20959.0,0.0,100.0,0.0,0.0,37.5770526,126.8084237
길동우성1차,서울특별시 강동구 천중로49길 58,1989,162,16822.0,0.0,100.0,0.0,0.0,37.5432755,127.1445299
아남,서울특별시 서초구 사임당로23길 53,1989,166,17317.0,0.0,100.0,0.0,0.0,37.4929518,127.020739
문래현대3차,서울특별시 영등포구 선유서로 6,1991,166,18872.0,0.0,100.0,0.0,0.0,37.5161019,126.8844422
뉴신사신성아파트,서울특별시 은평구 은평터널로 163,1993,167,20138.0,0.0,100.0,0.0,0.0,37.5935011,126.9062236
중계성원2차,서울특별시 노원구 덕릉로89길 8,1995,167,20280.0,44.3,34.1,21.6,0.0,37.6611671,127.0752242
방학극동아파트,서울특별시 도봉구 시루봉로11길 25-5,1993,167,20806.0,0.0,100.0,0.0,0.0,37.6645017,127.0268136
삼성청구타운,서울특별시 강남구 영동대로128길 5,1992,167,20121.0,0.0,100.0,0.0,0.0,37.5197827,127.0583783
반포삼호가든맨션5차,서울특별시 서초구 서초중앙로 242,1986,168,27653.0,0.0,0.0,25.0,75.0,37.5039415,127.0115013
등촌현대1차(한마음),서울특별시 강서구 공항대로45길 24,1995,170,21399.0,0.0,100.0,0.0,0.0,37.5559066,126.8553276
상계마들,서울특별시 노원구 덕릉로70가길 101,1988,170,9801.0,100.0,0.0,0.0,0.0,37.6416927,127.0569566
경향파크아파트,,1989,171,21424.0,0.0,75.4,24.6,0.0,37.6103948,126.9059489
신대방신동아,서울특별시 동작구 여의대방로22아길 22,1993,171,11953.0,100.0,0.0,0.0,0.0,37.4965836,126.9240174
용마동아아파트,서울특별시 중랑구 용마산로62길 43,1993,174,19822.0,0.0,100.0,0.0,0.0,37.5786737,127.0944957
신대방우성2차,서울특별시 동작구 여의대방로 8,1995,174,24661.0,37.4,40.8,0.0,21.8,37.4920816,126.9115326
신반포한신14차,,1983,178,20673.0,0.0,0.0,100.0,0.0,37.5087932,127.002301
삼성하나로,서울특별시 강서구 양천로73길 5,1994,178,18408.0,53.9,46.1,0.0,0.0,37.5515375,126.8722863
개포우성5차,서울특별시 강남구 언주로29길 34,1986,180,17550.0,0.0,100.0,0.0,0.0,37.4859774,127.0475885
신반포15차아파트,,1982,180,37995.0,0.0,0.0,16.7,83.3,37.5038318,126.9936943
홍은풍림1차,서울특별시 서대문구 통일로48가길 37,1988,181,16198.0,60.2,39.8,0.0,0.0,37.5949317,126.9420732
자양현대,서울특별시 광진구 뚝섬로56길 72,1993,182,21455.0,0.0,100.0,0.0,0.0,37.5281212,127.0824168
공덕현대,서울특별시 마포구 마포대로11길 73,1989,183,18353.0,14.2,85.8,0.0,0.0,37.5482962,126.9501318
염창우성2차,서울특별시 강서구 양천로67길 54,1992,186,19141.0,0.0,100.0,0.0,0.0,37.5556867,126.8695201
문래한신,서울특별시 영등포구 선유서로 35,1985,186,20288.0,25.8,32.3,41.9,0.0,37.5193166,126.8840481
쌍문현대2차,서울특별시 도봉구 시루봉로6길 53,1993,192,19497.0,0.0,100.0,0.0,0.0,37.6593237,127.0300422
서울아파트관리사무소,서울특별시 영등포구 여의나루로 121,1976,192,35579.0,0.0,0.0,0.0,100.0,37.5270586,126.9311508
이촌반도,서울특별시 용산구 이촌로 324-10,1977,192,35955.0,0.0,0.0,0.0,100.0,37.5170003,126.9819539
중계진로유통조합아파트(중계진로대림아파트),서울특별시 노원구 중계로14가길 5,1992,192,19467.0,21.4,78.6,0.0,0.0,37.6486779,127.0820882
둔촌현대2차,서울특별시 강동구 풍성로65길 34,1988,196,19769.0,20.4,79.6,0.0,0.0,37.5300052,127.1408785
염창우성3차,서울특별시 강서구 공항대로63길 14,1993,196,23276.0,0.0,100.0,0.0,0.0,37.5512975,126.8674295
여의도장미,서울특별시 영등포구 국제금융로7길 32,1978,196,32282.0,0.0,0.0,57.1,42.9,37.5234281,126.9342433
도곡대림,,1992,197,22757.0,0.0,100.0,0.0,0.0,37.4866347,127.040409
천호코오롱,서울특별시 강동구 진황도로 12,1988,198,19014.0,55.6,44.4,0.0,0.0,37.5394858,127.1283799
개포현대3차,서울특별시 강남구 개포로 409,1986,198,33306.0,0.0,27.3,18.2,54.5,37.4878695,127.0613626
신반포한신23차,,1983,200,13005.0,100.0,0.0,0.0,0.0,37.5094382,127.0011826
당산삼익,서울특별시 영등포구 국회대로 552,1979,176,26886.0,0.6,99.4,0.0,0.0,37.5279629,126.8953498
신월서울가든,서울특별시 양천구 중앙로53길 5,1985,200,24595.0,0.0,20.0,80.0,0.0,37.5252901,126.848656
자양한강현대,서울특별시 광진구 능동로 19,1993,204,24323.0,0.0,100.0,0.0,0.0,37.5330936,127.066837
안암삼익,서울특별시 성북구 안암로9길 30,1983,204,29564.0,0.0,0.0,52.9,47.1,37.5818996,127.0248881
도봉극동아파트,서울특별시 도봉구 도봉로180길 77,1991,205,22949.0,0.0,100.0,0.0,0.0,37.6825214,127.0496186
신동아아파트,서울특별시 은평구 백련산로 127,1990,206,15547.0,100.0,0.0,0.0,0.0,37.5969983,126.923497
잠원한신로얄,서울특별시 서초구 신반포로33길 64,1992,208,23733.0,0.0,100.0,0.0,0.0,37.5135903,127.009318
현대강변,서울특별시 광진구 자양로3가길 43,1991,208,22658.0,0.0,100.0,0.0,0.0,37.5283974,127.0856424
신정대림,서울특별시 양천구 신목로5길 9,1992,210,22743.0,0.0,100.0,0.0,0.0,37.5178406,126.8740132
가락현대5차,서울특별시 송파구 오금로 370,1986,210,21361.0,21.0,79.0,0.0,0.0,37.4995774,127.1310772
중계현대1차,서울특별시 노원구 중계로8길 106,1993,211,23324.0,0.0,100.0,0.0,0.0,37.6486998,127.0849795
도곡현대,서울특별시 강남구 도곡로18길 34,1994,211,25346.0,0.0,100.0,0.0,0.0,37.4892623,127.0387604
청담2차현대아파트,서울특별시 강남구 선릉로 748,1988,214,23748.0,0.0,100.0,0.0,0.0,37.5215554,127.0407663
신길우창,,1983,214,18782.0,33.6,66.4,0.0,0.0,37.4973055,126.9123051
오금삼성,서울특별시 송파구 문정로 197,1989,215,22540.0,0.0,100.0,0.0,0.0,37.4964677,127.1390705
상계수락현대,서울특별시 노원구 동일로242길 95,1995,216,25256.0,0.0,100.0,0.0,0.0,37.6753305,127.0599531
성수현대,서울특별시 성동구 서울숲길 25,1990,217,21431.0,24.9,75.1,0.0,0.0,37.548195,127.0409089
신정현대,서울특별시 양천구 신목로 23,1995,217,28671.0,0.0,100.0,0.0,0.0,37.5171463,126.8744771
보문아남,서울특별시 성북구 보문사길 112,1994,218,25716.0,0.0,100.0,0.0,0.0,37.5812555,127.0173522
오류라인,서울특별시 구로구 경인로 230-13,1995,218,27613.0,40.4,39.9,19.7,0.0,37.4966587,126.8470682
성수현대그린,서울특별시 성동구 뚝섬로3길 6,1994,219,26446.0,23.3,76.7,0.0,0.0,37.5407018,127.0504495
대림성원,서울특별시 영등포구 대림로 256,1995,220,31655.0,50.0,50.0,0.0,0.0,37.5037835,126.8965839
대원그린아파트,서울특별시 도봉구 방학로 212-11,1987,220,15229.0,100.0,0.0,0.0,0.0,37.6628505,127.0281276
등촌태진아름,서울특별시 강서구 등촌로53길 39,1995,221,27895.0,43.4,43.0,13.6,0.0,37.5493953,126.8616805
반포현대동궁,서울특별시 서초구 사평대로 154,1991,224,22638.0,0.0,100.0,0.0,0.0,37.5003957,127.0020963
천호한신,서울특별시 강동구 구천면로42길 16,1991,224,20137.0,62.1,37.9,0.0,0.0,37.5457708,127.1348466
방화신동아,서울특별시 강서구 방화대로37길 15,1995,224,24303.0,58.5,37.9,3.6,0.0,37.569926,126.8157168
상월곡우남,서울특별시 성북구 화랑로15길 4,1994,225,31233.0,42.2,32.9,14.2,10.7,37.6059521,127.0466414
신답극동아파트,서울특별시 동대문구 서울시립대로 5,1987,225,21653.0,53.3,20.0,26.7,0.0,37.5726992,127.0441344
신답경남아파트,서울특별시 동대문구 천호대로47길 62,1991,225,21968.0,26.7,73.3,0.0,0.0,37.5748075,127.0445899
명일현대,서울특별시 강동구 양재대로134길 87,1988,226,24362.0,61.9,38.1,0.0,0.0,37.5485038,127.1488477
가락상아1차,서울특별시 송파구 오금로 405,1984,226,44893.0,0.0,31.9,68.1,0.0,37.4985637,127.1353505
후암미주,서울특별시 용산구 후암로 71-1,1980,226,16910.0,0.0,100.0,0.0,0.0,37.55185,126.9757889
신동아아파트,서울특별시 용산구 보광로 14,1992,226,26776.0,0.0,100.0,0.0,0.0,37.5258366,127.0020509
송파호수임광,서울특별시 송파구 송파대로48길 29,1995,227,28268.0,52.4,47.6,0.0,0.0,37.5105889,127.1074518
제기경동미주,서울특별시 동대문구 정릉천동로 80,1977,228,24002.0,0.0,68.4,31.6,0.0,37.5792417,127.0355
화곡미성,서울특별시 강서구 초록마을로 176,1987,228,28382.0,0.0,62.3,37.7,0.0,37.5360506,126.8447262
상계금호타운,서울특별시 노원구 한글비석로46나길 10,1995,230,28844.0,0.0,100.0,0.0,0.0,37.6672856,127.0688307
도곡삼성,서울특별시 강남구 남부순환로379길 14,1994,231,22031.0,49.8,50.2,0.0,0.0,37.4887551,127.0469594
개포우성9차,서울특별시 강남구 개포로 311,1991,232,25406.0,0.0,100.0,0.0,0.0,37.4848288,127.057256
천호금호,서울특별시 강동구 양재대로 1557,1987,232,10138.0,100.0,0.0,0.0,0.0,37.5448169,127.142214
시흥성지,서울특별시 금천구 시흥대로51길 55,1986,233,23439.0,21.0,79.0,0.0,0.0,37.4509225,126.8979308
자양2차현대,서울특별시 광진구 뚝섬로34길 9,1995,235,28557.0,14.9,85.1,0.0,0.0,37.534323,127.070339
잠원현대,서울특별시 서초구 잠원로12길 4,1993,238,28092.0,0.0,100.0,0.0,0.0,37.518469,127.0127219
신성아파트,서울특별시 은평구 증산로15길 67-7,1988,238,22134.0,5.0,94.5,0.4,0.0,37.5897887,126.9050321
잠원녹원한신,서울특별시 서초구 잠원로4길 34-11,1995,240,28716.0,0.0,100.0,0.0,0.0,37.5120919,127.0113336
길동신동아3차,,1983,240,22705.0,0.0,45.0,55.0,0.0,37.541225,127.1481967
청량리현대,서울특별시 동대문구 약령시로21길 30,1987,241,29891.0,0.0,62.7,37.3,0.0,37.5850545,127.0463246
신반포한신19차,서울특별시 서초구 잠원로8길 20,1982,242,26752.0,0.0,31.8,68.2,0.0,37.5142264,127.0101762
동부이촌동우성,서울특별시 용산구 이촌로 193,1995,243,30398.0,63.0,7.4,29.6,0.0,37.5216674,126.9692144
개봉거성푸르뫼2차아피트,서울특별시 구로구 고척로 82,1994,245,35135.0,39.6,31.0,29.4,0.0,37.5001509,126.8437766
성수청구강변,서울특별시 성동구 둘레15길 7,1994,246,29906.0,14.6,85.4,0.0,0.0,37.5352521,127.0548812
역삼삼익,서울특별시 강남구 논현로 218,1983,247,34810.0,0.0,0.0,57.9,42.1,37.4907653,127.0421463
개봉거성푸르뫼1차,서울특별시 구로구 고척로 85,1993,249,32347.0,36.9,34.1,28.9,0.0,37.5009472,126.8434989
이촌왕궁,서울특별시 용산구 이촌로88길 15,1974,250,26757.0,0.0,0.0,100.0,0.0,37.5171632,126.9782605
낙성대현대,서울특별시 관악구 인헌길 68,1988,251,30142.0,0.0,64.1,0.0,35.9,37.4726586,126.965591
길음신안파크,서울특별시 성북구 길음로 141,1988,252,24091.0,0.0,100.0,0.0,0.0,37.614141,127.0159103
잠실한양3차,서울특별시 송파구 양재대로 1089,1985,252,36812.0,0.0,33.3,44.4,22.2,37.506177,127.1220009
한강삼익,서울특별시 용산구 이촌로 264,1979,252,33600.0,0.0,0.0,61.9,38.1,37.5184763,126.9760338
마곡신안,서울특별시 강서구 양천로30길 123-9,1993,253,27840.0,53.4,34.8,11.9,0.0,37.5681327,126.8229252
가락한신,서울특별시 송파구 송파대로 220,1993,256,30283.0,0.0,100.0,0.0,0.0,37.489685,127.1217367
구로우방,서울특별시 구로구 구일로 154-17,1993,256,30119.0,0.0,100.0,0.0,0.0,37.4976775,126.8743148
남서울건영아파트,서울특별시 금천구 시흥대로59길 35,1982,260,19701.0,45.0,30.0,25.0,0.0,37.452828,126.8986129
번동한양,서울특별시 강북구 한천로109길 69,1992,261,27489.0,0.0,100.0,0.0,0.0,37.626473,127.0417145
개포우성8차,서울특별시 강남구 개포로 411,1987,261,26746.0,0.0,100.0,0.0,0.0,37.48811,127.062288
우이동성원아파트,서울특별시 강북구 삼양로 658,1990,262,26616.0,0.0,100.0,0.0,0.0,37.6618442,127.0138641
목동대림2차,서울특별시 양천구 목동동로12길 23,1994,262,29448.0,0.0,100.0,0.0,0.0,37.523805,126.8746806
정릉산장,서울특별시 성북구 보국문로 167,1977,264,20147.0,83.3,16.7,0.0,0.0,37.6167473,127.0021957
가락우창,서울특별시 송파구 동남로24길 6,1985,264,34030.0,0.0,27.3,72.7,0.0,37.4995733,127.136295
쌍문경남,서울특별시 도봉구 도봉로129길 45-12,1988,264,18166.0,90.9,9.1,0.0,0.0,37.6548109,127.0351564
사당현대아파트,서울특별시 동작구 사당로17길 111,1991,265,28127.0,66.0,0.0,34.0,0.0,37.4883008,126.9702379
문래현대1차,서울특별시 영등포구 문래로4길 20,1986,264,25301.0,0.0,100.0,0.0,0.0,37.5195252,126.8828222
사근중앙하이츠,서울특별시 성동구 사근동길 67,1989,270,25046.0,0.0,100.0,0.0,0.0,37.5618375,127.0485864
신정쌍용,서울특별시 양천구 신목로 9,1992,270,29990.0,0.0,100.0,0.0,0.0,37.5181035,126.8758354
문래국화,서울특별시 영등포구 도림로 464,1983,270,32443.0,0.0,77.8,22.2,0.0,37.5163791,126.8927664
신대방한성,서울특별시 동작구 여의대방로10길 13,1995,272,33023.0,44.1,30.9,25.0,0.0,37.4956195,126.9149472
월계서광,서울특별시 노원구 마들로1길 44,1994,274,26724.0,38.0,62.0,0.0,0.0,37.6228503,127.0654107
풍납미성,서울특별시 송파구 풍성로 14,1985,275,35922.0,0.0,20.0,80.0,0.0,37.5341924,127.1137637
라이프미성,서울특별시 중랑구 용마산로129나길 101,1992,277,26167.0,70.4,29.6,0.0,0.0,37.6032755,127.0990429
성내현대,서울특별시 강동구 천호옛12길 27,1987,277,25854.0,61.0,39.0,0.0,0.0,37.5352413,127.1265528
신정청구아파트,서울특별시 양천구 신목로2길 11,1992,279,34218.0,0.0,100.0,0.0,0.0,37.5198784,126.874888
상도1동대림,서울특별시 동작구 상도로60길 20,1995,279,40787.0,0.0,100.0,0.0,0.0,37.5007481,126.9512393
신림미성,서울특별시 관악구 조원로2길 13,1982,280,25264.0,0.0,50.0,50.0,0.0,37.4824017,126.9034424
거여현대2차,서울특별시 송파구 오금로61길 20,1992,280,31297.0,0.0,100.0,0.0,0.0,37.4946337,127.1464076
대림현대2차,서울특별시 영등포구 도신로4길 6,1992,280,32405.0,0.0,100.0,0.0,0.0,37.5025492,126.8941884
문래현대5차아파트,서울특별시 영등포구 선유서로9길 5,1992,282,32901.0,0.0,100.0,0.0,0.0,37.5176163,126.8831609
신도림우성3차,서울특별시 구로구 신도림로21길 25,1993,284,30983.0,0.0,100.0,0.0,0.0,37.5130829,126.8843198
구로다솜금호,서울특별시 구로구 새말로16길 70,1995,285,33914.0,50.2,49.8,0.0,0.0,37.5026206,126.8918736
유원도봉아파트,서울특별시 도봉구 도봉로180길 50,1990,286,30256.0,0.0,100.0,0.0,0.0,37.6819705,127.0490413
쌍문현대3차,서울특별시 도봉구 우이천로38가길 32,1995,287,31677.0,0.0,100.0,0.0,0.0,37.6523384,127.0212039
잠원훼미리 아파트,서울특별시 서초구 잠원로 202-11,1992,288,33445.0,0.0,100.0,0.0,0.0,37.5192202,127.0146674
신사씨티,서울특별시 은평구 가좌로 391,1993,290,28789.0,72.4,27.6,0.0,0.0,37.6004103,126.9041738
고척한효,서울특별시 구로구 중앙로5길 24,1985,290,30277.0,0.0,100.0,0.0,0.0,37.5015238,126.861314
구로현대상선,서울특별시 구로구 구일로10길 53,1987,290,29758.0,0.0,100.0,0.0,0.0,37.4960424,126.8750782
응암우성,서울특별시 은평구 가좌로7나길 30,1988,292,32132.0,0.0,58.9,41.1,0.0,37.5840189,126.9175836
월계삼창,서울특별시 노원구 광운로2나길 50,1984,296,29122.0,56.8,16.2,27.0,0.0,37.6184379,127.0602548
사당제일,서울특별시 동작구 사당로16다길 57,1987,296,25717.0,0.0,100.0,0.0,0.0,37.4829384,126.96955
구로우성(1동),서울특별시 구로구 구일로8길 31,1995,296,32729.0,35.1,64.9,0.0,0.0,37.4947097,126.8722377
라이프 씨티아파트,서울특별시 은평구 갈현로3다길 15,1992,298,33141.0,23.5,76.5,0.0,0.0,37.6023882,126.9053464
송파성지,서울특별시 송파구 송이로12길 11,1992,298,33491.0,0.0,100.0,0.0,0.0,37.5000876,127.1171288
오금아남,서울특별시 송파구 성내천로6길 1-13,1992,299,28198.0,40.1,59.9,0.0,0.0,37.5028917,127.1361125
"서초현대1,2차",서울특별시 서초구 효령로72길 14,1989,413,43405.0,0.0,100.0,0.0,0.0,37.4909646,127.0199792
유원홍은,서울특별시 서대문구 홍은중앙로1길 33,1987,299,27283.0,30.4,69.6,0.0,0.0,37.5975121,126.9446692
목동건영,서울특별시 양천구 목동중앙본로22길 63,1994,299,36070.0,0.0,100.0,0.0,0.0,37.5419755,126.8728085
우면코오롱,서울특별시 서초구 바우뫼로 53,1994,300,29750.0,100.0,0.0,0.0,0.0,37.472602,127.0276672
거여현대3차,서울특별시 송파구 거마로 41,1993,303,34828.0,0.0,100.0,0.0,0.0,37.4968972,127.1449982
명일삼환아파트,서울특별시 강동구 고덕로62길 29,1992,306,36500.0,0.0,100.0,0.0,0.0,37.5536984,127.1538354
여의도목화,서울특별시 영등포구 여의나루로 126,1977,312,26867.0,15.4,19.2,65.4,0.0,37.52594,126.932655
양평현대2차,서울특별시 영등포구 선유동2로 29,1990,312,32405.0,0.0,100.0,0.0,0.0,37.5320347,126.8955806
중계현대2차(4동),서울특별시 노원구 한글비석로15길 51,1991,313,33705.0,0.0,100.0,0.0,0.0,37.6558928,127.0740064
석관중앙하이츠,서울특별시 성북구 한천로76길 73,1994,315,33227.0,52.4,47.6,0.0,0.0,37.611111,127.0667057
방배임광3차,서울특별시 서초구 방배로2길 24-5,1988,316,32700.0,24.1,63.3,12.7,0.0,37.4762582,127.0027232
신길우성5차,서울특별시 영등포구 도신로 100,1993,321,34004.0,0.0,100.0,0.0,0.0,37.5067447,126.9035366
압구정미성1차,서울특별시 강남구 압구정로11길 17,1982,322,72316.0,0.0,0.3,38.8,60.9,37.5254652,127.0207224
여의도수정,서울특별시 영등포구 국제금융로7길 1,1976,329,46979.0,0.0,26.4,0.6,72.9,37.5230829,126.9308314
우면동동고,서울특별시 서초구 바우뫼로7길 29,1995,330,37798.0,0.0,100.0,0.0,0.0,37.4713949,127.0237739
대학동현대(구신림9동),서울특별시 관악구 대학20길 27,1991,336,35204.0,0.0,100.0,0.0,0.0,37.4637542,126.9372307
수서동익,서울특별시 강남구 광평로39길 3,1993,330,37566.0,0.0,100.0,0.0,0.0,37.4856488,127.0964671
염창한마음삼성,서울특별시 강서구 양천로 637,1995,330,38610.0,45.5,54.5,0.0,0.0,37.554476,126.8682816
중계주공10단지,서울특별시 노원구 노원로22길 53,1995,330,26774.0,100.0,0.0,0.0,0.0,37.6481008,127.0733019
상계현대1차,서울특별시 노원구 동일로237길 41,1993,331,37639.0,0.0,100.0,0.0,0.0,37.6727905,127.0527596
목동우성,서울특별시 양천구 목동중앙로 143,1992,332,38412.0,0.0,100.0,0.0,0.0,37.5413035,126.8755033
잠실현대,서울특별시 송파구 백제고분로18길 7,1990,336,34058.0,0.0,100.0,0.0,0.0,37.503992,127.0853196
마곡현대1차,서울특별시 강서구 방화대로37길 26,1993,337,38713.0,11.6,88.4,0.0,0.0,37.570387,126.8143038
신림건영2차,서울특별시 관악구 난곡로35길 28-7,1988,338,27700.0,75.4,24.6,0.0,0.0,37.4707892,126.9168875
당산한양,서울특별시 영등포구 영신로 193,1986,338,34036.0,0.0,100.0,0.0,0.0,37.5254625,126.8997511
염창우성1차,서울특별시 강서구 양천로67길 77,1990,339,34719.0,0.0,100.0,0.0,0.0,37.5555744,126.8703134
효성아파트,서울특별시 노원구 화랑로 556,1995,340,39822.0,0.0,100.0,0.0,0.0,37.6206867,127.0886787
구로보광,서울특별시 구로구 가마산로 231,1984,340,31558.0,0.0,100.0,0.0,0.0,37.4952976,126.8852794
산업인,서울특별시 구로구 경인로47다길 43,1976,342,16660.0,96.5,0.0,3.5,0.0,37.5044786,126.8669946
면목두산2.3차,서울특별시 중랑구 면목로37길 58,1995,344,58890.0,0.0,72.1,27.9,0.0,37.5801261,127.0829987
구로우성,서울특별시 구로구 공원로6가길 67,1985,344,32929.0,30.5,52.0,17.4,0.0,37.5039735,126.8890278
방학거성학마을,서울특별시 도봉구 도당로 116,1994,347,43390.0,44.1,35.2,20.7,0.0,37.6665384,127.0396369
상계한신3차,서울특별시 노원구 한글비석로46가길 34,1990,348,34010.0,0.0,100.0,0.0,0.0,37.6662959,127.0675578
도봉서울가든,서울특별시 도봉구 도봉산길 35,1987,348,34513.0,0.0,100.0,0.0,0.0,37.6868254,127.0415817
염창신동아,서울특별시 강서구 양천로67길 32,1995,348,38942.0,50.6,49.4,0.0,0.0,37.5551935,126.869209
래미안당산1차아파트,서울특별시 영등포구 당산로54길 11,1995,348,43332.0,36.8,41.4,21.8,0.0,37.5343799,126.9059115
구의강변우성,서울특별시 광진구 구의강변로 42,1992,354,38674.0,0.0,100.0,0.0,0.0,37.5358159,127.0933387
둔촌프라자,서울특별시 강동구 천호대로 1240,1984,354,41989.0,0.0,49.2,50.8,0.0,37.535417,127.1482561
한강우성아파트,서울특별시 광진구 능동로1길 15,1993,355,41688.0,0.0,100.0,0.0,0.0,37.532579,127.0657325
안암대광,서울특별시 성북구 안암로9나길 14,1971,346,21534.0,83.2,16.5,0.3,0.0,37.5847251,127.0217182
염창태진한솔,서울특별시 강서구 공항대로71길 54,1994,356,37682.0,50.0,33.7,16.3,0.0,37.5488942,126.874488
강변아파트,서울특별시 서초구 잠원로 166-17,1987,360,35239.0,0.0,100.0,0.0,0.0,37.5178181,127.0122486
여의도은하,서울특별시 영등포구 63로 7,1974,360,47603.0,0.0,0.0,100.0,0.0,37.5187571,126.9352172
"광장삼성1,2차",서울특별시 광진구 아차산로 544,1987,360,34066.0,20.8,79.2,0.0,0.0,37.5426383,127.1020927
당산유원제일1차,서울특별시 영등포구 국회대로29길 13,1983,360,31942.0,47.2,52.8,0.0,0.0,37.530191,126.8955412
여의도삼익,서울특별시 영등포구 국제금융로 109,1974,360,47520.0,0.0,0.0,100.0,0.0,37.5198261,126.9343703
방학4단지신동아,서울특별시 도봉구 방학로 200,1995,361,39378.0,47.1,52.9,0.0,0.0,37.6628212,127.0296648
공릉우성,서울특별시 노원구 동일로198길 24,1995,363,46883.0,44.4,38.3,17.4,0.0,37.6285696,127.0727424
방배대우효령,서울특별시 서초구 효령로 84,1992,364,38506.0,0.0,100.0,0.0,0.0,37.4797613,126.9936334
대치쌍용2차,서울특별시 강남구 영동대로 220,1983,364,47180.0,0.0,38.5,61.5,0.0,37.4996197,127.0704457
문래공원한신,서울특별시 영등포구 문래로20길 14,1988,367,32777.0,61.3,38.7,0.0,0.0,37.5175814,126.8930031
대림아파트(녹번동),서울특별시 은평구 통일로 590,1993,370,48802.0,0.0,89.7,10.3,0.0,37.6001439,126.9370209
양평성원,서울특별시 영등포구 양평로17길 36,1993,372,46041.0,0.0,100.0,0.0,0.0,37.5343115,126.8934401
여의도공작,서울특별시 영등포구 여의대로6길 17,1976,373,44708.0,1.1,0.0,98.9,0.0,37.5265231,126.9298286
여의도진주,서울특별시 영등포구 국제금융로 108-6,1977,376,33447.0,41.5,35.1,23.4,0.0,37.5185166,126.9329842
성수한진타운,서울특별시 성동구 뚝섬로 312,1994,378,42564.0,50.3,49.7,0.0,0.0,37.541117,127.0453053
송파미성,서울특별시 송파구 오금로32길 10,1985,378,56766.0,11.1,14.8,44.4,29.6,37.5060284,127.1192987
현대아파트,서울특별시 은평구 가좌로 344,1994,380,44651.0,0.0,100.0,0.0,0.0,37.5979944,126.9069618
문래두산위브,서울특별시 영등포구 선유로9나길 8,1988,383,38376.0,0.0,100.0,0.0,0.0,37.5168776,126.8858207
신길삼성,서울특별시 영등포구 여의대방로 45,1984,384,30550.0,31.2,68.8,0.0,0.0,37.4963711,126.9112059
삼성홍실,서울특별시 강남구 영동대로128길 15,1981,384,49524.0,0.0,0.0,87.5,12.5,37.5199747,127.0596516
상계신동아,서울특별시 노원구 한글비석로52길 66,1995,385,48906.0,21.0,79.0,0.0,0.0,37.6674029,127.0675315
신길건영,서울특별시 영등포구 도림로 313,1985,386,44463.0,0.0,41.5,58.5,0.0,37.5042671,126.9009904
방화1단지(장미),서울특별시 강서구 양천로 125,1994,387,29739.0,100.0,0.0,0.0,0.0,37.5742114,126.8175777
성수동아,서울특별시 성동구 왕십리로 80-1,1983,390,34021.0,48.7,0.0,51.3,0.0,37.5442259,127.0454954
홍은풍림2차,서울특별시 서대문구 세검정로1길 35,1990,390,39447.0,52.1,40.3,7.7,0.0,37.5932796,126.943037
문래남성,서울특별시 영등포구 경인로77길 21,1983,390,32232.0,84.6,15.4,0.0,0.0,37.5126219,126.8915407
문래현대2차,서울특별시 영등포구 문래로4길 6,1987,390,31657.0,69.2,30.8,0.0,0.0,37.520444,126.882871
도곡우성아파트,서울특별시 강남구 남부순환로363길 49,1986,390,40311.0,0.0,100.0,0.0,0.0,37.488203,127.0371243
"신반포 한신 25,26,27차 아파트",서울특별시 서초구 잠원로8길 3,1984,391,41412.0,33.8,29.4,25.6,11.3,37.5148608,127.0093473
고척동센츄리,서울특별시 구로구 중앙로12길 12,1994,391,44067.0,0.0,100.0,0.0,0.0,37.5044346,126.8622842
신반포한신16차,서울특별시 서초구 잠원로 157,1983,396,26306.0,77.8,22.2,0.0,0.0,37.5168996,127.0096069
상계한신,서울특별시 노원구 동일로230길 63,1995,397,43147.0,0.0,100.0,0.0,0.0,37.6733227,127.0596359
신구로현대,서울특별시 구로구 구로중앙로18길 68,1988,397,40704.0,22.7,77.3,0.0,0.0,37.4961263,126.8930516
중계대림벽산,서울특별시 노원구 한글비석로8길 20,1993,400,70676.0,0.0,0.0,55.0,45.0,37.6472272,127.0772878
당산상아,,1983,400,39197.0,52.0,36.0,12.0,0.0,37.5300879,126.903625
이태원남산대림,서울특별시 용산구 녹사평대로 254,1994,400,49963.0,40.0,35.0,10.0,15.0,37.5407149,126.9888481
개포우성3차,서울특별시 강남구 개포로 307,1984,405,63304.0,0.0,0.0,70.4,29.6,37.4838941,127.0559898
자양우성2차,서울특별시 광진구 뚝섬로 576,1989,405,35318.0,29.6,70.4,0.0,0.0,37.533336,127.0735348
방배삼익,서울특별시 서초구 효령로34길 79,1981,408,57441.0,0.0,0.0,64.7,35.3,37.4789582,127.0015573
쌍문한양7차,서울특별시 도봉구 해등로25길 41,1993,408,57119.0,0.0,100.0,0.0,0.0,37.6560261,127.0338661
"신도림우성1,2차",서울특별시 구로구 신도림로 110,1992,408,44868.0,0.0,100.0,0.0,0.0,37.5114702,126.8859402
응봉대림2차,서울특별시 성동구 독서당로 431,1989,410,42692.0,38.0,62.0,0.0,0.0,37.552326,127.0321202
명일중앙하이츠아파트,서울특별시 강동구 구천면로 557,1992,410,40781.0,38.0,62.0,0.0,0.0,37.5507165,127.1598371
당산유원제일2차,서울특별시 영등포구 선유동2로 56,1984,410,56902.0,0.0,42.9,38.0,19.0,37.5333119,126.8984233
우면대림,서울특별시 서초구 바우뫼로7길 51,1995,412,75028.0,0.0,0.0,100.0,0.0,37.4728411,127.0230189
반포한신서래,서울특별시 서초구 사평대로28길 31,1987,414,50600.0,13.5,37.2,20.3,29.0,37.4991043,127.0008946
쌍문한양5차,서울특별시 도봉구 해등로25길 36,1991,414,43087.0,0.0,96.1,3.9,0.0,37.6560324,127.0321457
가양우성,서울특별시 강서구 양천로 489,1990,414,43721.0,0.0,100.0,0.0,0.0,37.5623512,126.8542542
풍납극동,서울특별시 송파구 올림픽로45길 11,1987,415,38414.0,44.1,55.9,0.0,0.0,37.5266148,127.1167332
개포현대1차,서울특별시 강남구 개포로 303,1984,416,68692.0,0.0,0.0,50.0,50.0,37.4826743,127.0544301
화곡대림아파트,서울특별시 강서구 월정로 160,1992,416,52415.0,0.0,64.4,35.6,0.0,37.5336644,126.8373402
풍납쌍용,서울특별시 송파구 올림픽로47길 9,1994,417,52635.0,0.0,100.0,0.0,0.0,37.527262,127.1177196
양평벽산,서울특별시 영등포구 선유서로21길 19,1990,417,35329.0,79.1,20.9,0.0,0.0,37.5221895,126.883568
"방배임광1,2차",서울특별시 서초구 방배로 14,1985,418,64805.0,0.0,31.6,0.0,68.4,37.4770722,127.0025259
상계한신1차,서울특별시 노원구 한글비석로46가길 16,1987,420,33130.0,85.7,14.3,0.0,0.0,37.666427,127.0696148
상계임광아파트,서울특별시 노원구 노원로 569,1989,420,56840.0,0.0,0.0,100.0,0.0,37.6606639,127.0563489
DMC마포청구아파트,서울특별시 마포구 성암로11길 60,1994,420,48524.0,0.0,100.0,0.0,0.0,37.5740861,126.9020362
구의현대6단지,서울특별시 광진구 구의강변로 94,1994,421,51776.0,0.0,100.0,0.0,0.0,37.5384356,127.0948893
창동상아2차,서울특별시 도봉구 노해로63가길 7,1988,427,34995.0,74.2,25.8,0.0,0.0,37.6531689,127.0441299
구로럭키,서울특별시 구로구 도림로 107,1992,427,40221.0,47.3,52.7,0.0,0.0,37.4920766,126.8940158
공릉태릉우성,서울특별시 노원구 노원로 29,1985,432,43515.0,0.0,100.0,0.0,0.0,37.6245525,127.0854776
가락미륭아파트,서울특별시 송파구 동남로11길 4,1986,435,42977.0,17.2,82.8,0.0,0.0,37.4937996,127.1285974
대림우성,서울특별시 영등포구 도림로 187,1985,435,38736.0,31.0,69.0,0.0,0.0,37.4964591,126.9009261
명륜아남1차,서울특별시 종로구 창경궁로 265,1995,436,55872.0,0.0,100.0,0.0,0.0,37.5859111,126.9992985
신월신안약수,서울특별시 양천구 중앙로29길 55,1985,440,43192.0,0.0,68.2,31.8,0.0,37.5165172,126.8474503
용마금호타운,서울특별시 중랑구 용마산로 348,1992,440,50897.0,0.0,100.0,0.0,0.0,37.582864,127.0943633
고척우성현대,서울특별시 구로구 중앙로1길 18-19,1987,440,44847.0,15.0,85.0,0.0,0.0,37.4988578,126.8627819
가락대림아파트,서울특별시 송파구 송이로 88,1988,443,49191.0,6.8,61.6,31.6,0.0,37.499639,127.1188815
자양한양,서울특별시 광진구 구의강변로 11,1983,444,66500.0,0.0,0.0,65.1,34.9,37.5314488,127.0910116
등촌8단지주공아파트,서울특별시 강서구 공항대로43길 104,1994,445,26126.0,100.0,0.0,0.0,0.0,37.5612871,126.8513767
고덕현대,서울특별시 강동구 고덕로61길 37,1995,448,52626.0,51.3,48.7,0.0,0.0,37.5565058,127.1521009
광장극동1차,서울특별시 광진구 아차산로 552,1985,448,76761.0,0.0,31.2,50.0,18.8,37.5431884,127.1042868
한강,서울특별시 서초구 잠원로 213-10,1989,450,48239.0,0.0,100.0,0.0,0.0,37.5214482,127.0155924
신도림현대,서울특별시 구로구 새말로9길 45,1994,450,50312.0,0.0,100.0,0.0,0.0,37.5049671,126.886015
신반포7차,서울특별시 서초구 잠원로 88,1980,320,43597.0,0.0,0.0,50.0,50.0,37.5124574,127.0079051
장안현대,서울특별시 동대문구 한천로 224,1984,456,48227.0,0.0,0.0,100.0,0.0,37.5812961,127.0688912
등촌동성,서울특별시 강서구 강서로68길 108,1995,457,68157.0,0.0,0.0,78.1,21.9,37.5640797,126.8459121
개포4차우성,서울특별시 강남구 언주로 117,1985,459,73088.0,0.0,21.6,31.4,47.1,37.4857034,127.0501105
방화동 개화아파트,서울특별시 강서구 금낭화로 167,1994,462,77917.0,0.0,0.0,100.0,0.0,37.5809671,126.8125423
자양우성3차,서울특별시 광진구 뚝섬로35길 32,1989,464,43848.0,16.2,83.8,0.0,0.0,37.5359897,127.0720703
상계현대2차,서울특별시 노원구 동일로231길 86,1993,465,50144.0,0.0,100.0,0.0,0.0,37.6722699,127.0504092
방배우성,서울특별시 서초구 방배선행길 1,1991,468,56262.0,0.0,64.1,35.9,0.0,37.4744136,126.9825806
동진신안,서울특별시 노원구 중계로 195,1993,468,77735.0,0.0,0.0,100.0,0.0,37.6497726,127.0782043
상계한신2차,서울특별시 노원구 한글비석로48길 6,1988,471,40560.0,68.2,31.8,0.0,0.0,37.6647819,127.0680666
화곡중앙하이츠,서울특별시 강서구 강서로17가길 46,1988,473,40626.0,59.4,40.6,0.0,0.0,37.5355465,126.8437889
방학삼익세라믹,서울특별시 도봉구 도당로 41,1988,476,41277.0,58.8,41.2,0.0,0.0,37.6611543,127.0340669
대치우성1차아파트,서울특별시 강남구 영동대로 230,1984,476,57097.0,0.0,47.1,52.9,0.0,37.5002345,127.0691055
대림3동현대아파트,서울특별시 영등포구 도신로4길 14,1992,476,51181.0,0.0,100.0,0.0,0.0,37.5023194,126.8954185
신길우성4차아파트,서울특별시 영등포구 영등포로64길 11,1991,476,53207.0,0.0,100.0,0.0,0.0,37.5142647,126.9164533
신길우성3차아파트,서울특별시 영등포구 대방천로14길 32,1989,477,48820.0,29.1,70.9,0.0,0.0,37.4972821,126.9087501
삼성 상아2차아파트,,1981,478,51015.0,0.0,32.8,52.1,15.1,37.5175999,127.0500484
천호우성,서울특별시 강동구 구천면로 366,1985,479,43859.0,20.9,79.1,0.0,0.0,37.549769,127.1388427
한신무학,서울특별시 성동구 왕십리로31나길 22,1989,480,58198.0,0.0,50.6,49.4,0.0,37.5623584,127.0283658
방이대림가락,서울특별시 송파구 양재대로 1109,1985,480,67299.0,0.0,30.8,50.4,18.8,37.507175,127.1241052
마포현대아파트,서울특별시 마포구 마포대로11길 84,1988,480,45084.0,38.1,61.9,0.0,0.0,37.549767,126.9496256
신월신안파크,서울특별시 양천구 지양로15길 20,1987,485,37202.0,69.1,30.9,0.0,0.0,37.5233774,126.8295859
대방성원,서울특별시 동작구 여의대방로44길 9,1994,487,54734.0,0.0,100.0,0.0,0.0,37.5094454,126.9256289
홍은극동,서울특별시 서대문구 포방터10길 33,1995,488,60125.0,0.0,96.9,0.0,3.1,37.6030233,126.9509978
등촌미주진로,서울특별시 강서구 공항대로 351-21,1994,488,61300.0,0.0,100.0,0.0,0.0,37.5598381,126.8470141
방화청솔3단지,서울특별시 강서구 방화대로47길 55,1994,488,36320.0,100.0,0.0,0.0,0.0,37.5757615,126.8127261
구로한신1차,서울특별시 구로구 구일로8길 63,1988,488,30799.0,100.0,0.0,0.0,0.0,37.4963839,126.8737607
상계한양,서울특별시 노원구 동일로216길 92,1988,492,54246.0,0.0,0.0,100.0,0.0,37.6520108,127.066935
신림건영1차,서울특별시 관악구 문성로 74,1984,492,37550.0,43.9,56.1,0.0,0.0,37.4763359,126.9123312
방배신동아,서울특별시 서초구 효령로 164,1981,493,78.0,0.0,0.0,49.3,50.7,37.4812135,127.0013722
구로극동,서울특별시 구로구 구로중앙로7길 28,1984,493,51540.0,33.1,17.8,49.1,0.0,37.4909119,126.8894082
쌍문동익파크,서울특별시 도봉구 우이천로32길 65,1987,495,50372.0,0.0,100.0,0.0,0.0,37.6514803,127.0247582
양평신동아아파트,서울특별시 영등포구 영등포로12길 8,1982,495,39617.0,75.8,24.2,0.0,0.0,37.5221616,126.8865433
수서가람,서울특별시 강남구 일원로 127,1993,496,53188.0,0.0,100.0,0.0,0.0,37.4824375,127.0853872
거여현대1차,서울특별시 송파구 오금로54길 10,1992,497,55661.0,0.0,100.0,0.0,0.0,37.4931374,127.1406364
둔촌현대1차,서울특별시 강동구 동남로49길 57,1984,498,54079.0,0.0,100.0,0.0,0.0,37.5317282,127.1465572
쌍문성원,서울특별시 도봉구 해등로 242-11,1989,498,49265.0,0.0,100.0,0.0,0.0,37.6585585,127.0292747
염창현대1차,서울특별시 강서구 양천로75길 57,1994,498,58640.0,0.0,100.0,0.0,0.0,37.5528062,126.8751623
수서한아름,서울특별시 강남구 광평로51길 22,1993,498,86434.0,0.0,0.0,88.0,12.0,37.489365,127.1035545
답십리동서울한양,서울특별시 동대문구 답십리로 184,1989,499,49541.0,44.5,55.5,0.0,0.0,37.5714222,127.0603912
등촌주공2단지,서울특별시 강서구 강서로68길 36,1995,505,29366.0,100.0,0.0,0.0,0.0,37.5649371,126.8425169
당산현대3차,서울특별시 영등포구 당산로41길 23,1988,509,48440.0,23.6,76.4,0.0,0.0,37.5310896,126.8964119
가락1차현대아파트,서울특별시 송파구 동남로 160,1984,514,67952.0,0.0,44.4,55.6,0.0,37.4913441,127.1280554
대방현대1차,서울특별시 동작구 등용로 127,1994,514,60764.0,15.6,84.4,0.0,0.0,37.5126917,126.9313091
압구정현대8차,서울특별시 강남구 압구정로 309,1980,515,69926.0,0.0,0.0,72.0,28.0,37.5313427,127.0349464
신길남서울,서울특별시 영등포구 신길로 108,1974,518,32295.0,94.2,5.8,0.0,0.0,37.5012317,126.9103397
공릉삼익4단지,서울특별시 노원구 동일로198가길 13,1994,525,38318.0,100.0,0.0,0.0,0.0,37.6298852,127.0719366
광장현대8단지,서울특별시 광진구 아차산로 522,1995,537,69686.0,17.5,82.5,0.0,0.0,37.5421038,127.1001431
상계마들대림,서울특별시 노원구 동일로221길 22,1988,538,61183.0,0.0,0.0,100.0,0.0,37.6597904,127.057275
가양대림경동,서울특별시 강서구 허준로 121,1993,540,97179.0,0.0,0.0,100.0,0.0,37.5664452,126.8540714
명일한양,서울특별시 강동구 동남로71길 19,1986,540,68771.0,0.0,27.8,72.2,0.0,37.5504635,127.1551633
잠원한신,서울특별시 서초구 잠원로 150,1992,540,58034.0,0.0,100.0,0.0,0.0,37.5159339,127.0108543
논현동현,서울특별시 강남구 언주로146길 18,1985,548,69396.0,0.0,69.3,21.9,8.8,37.5193078,127.0365482
원효산호,서울특별시 용산구 원효로 66,1977,554,63238.0,13.7,30.1,56.1,0.0,37.5327172,126.9503821
신반포5차,,1980,555,62830.0,0.0,0.0,100.0,0.0,37.5152757,127.0079791
가락극동,서울특별시 송파구 동남로18길 9,1984,555,74866.0,18.9,16.2,37.8,27.0,37.4957046,127.1326936
잠실우성4차,서울특별시 송파구 백제고분로18길 30,1983,555,63327.0,0.0,19.1,80.9,0.0,37.5028243,127.0829428
방학우성2차,서울특별시 도봉구 해등로 307,1993,558,68303.0,0.0,100.0,0.0,0.0,37.6568504,127.0217568
개포2차 현대아파트,서울특별시 강남구 언주로 107,1986,558,92836.0,0.0,20.1,41.2,38.7,37.4824869,127.0512551
용마한신,서울특별시 중랑구 사가정로71길 19,1990,565,43455.0,81.6,18.4,0.0,0.0,37.5811929,127.0954286
옥수현대,서울특별시 성동구 독서당로40길 25,1990,566,64675.0,3.9,59.0,37.1,0.0,37.5436054,127.0188915
등촌주공10단지,서울특별시 강서구 화곡로63가길 71,1995,566,41510.0,100.0,0.0,0.0,0.0,37.5623648,126.8483689
롯데우성,서울특별시 노원구 노원로22길 34,1993,568,93285.0,0.0,0.0,100.0,0.0,37.6469998,127.072784
미성아파트(신사동),서울특별시 은평구 증산로15길 35-10,1987,570,57427.0,0.0,100.0,0.0,0.0,37.5895119,126.9077834
명일신동아,서울특별시 강동구 고덕로 240,1986,570,77635.0,0.0,21.1,78.9,0.0,37.5537423,127.1521237
한솔마을,서울특별시 강남구 광평로10길 6,1994,570,66076.0,0.0,100.0,0.0,0.0,37.4819987,127.0767604
명일동우성,서울특별시 강동구 고덕로62길 76,1986,572,76114.0,0.0,44.1,55.9,0.0,37.5509218,127.1521714
여의도대교,서울특별시 영등포구 국제금융로7길 20,1975,576,71820.0,0.0,0.0,83.3,16.7,37.5221527,126.9336795
워커힐아파트,서울특별시 광진구 아차산로 637,1978,576,128992.0,0.0,0.0,0.0,100.0,37.5502689,127.1065657
한양아파트,서울특별시 송파구 가락로 187,1983,576,76553.0,0.0,25.2,24.8,50.0,37.5058734,127.1150497
여의도미성,서울특별시 영등포구 의사당대로 110,1978,577,70062.0,0.0,0.0,70.9,29.1,37.5204822,126.9239858
청화아파트,서울특별시 용산구 장문로 27,1982,578,94189.0,0.0,0.0,33.6,66.4,37.5299597,126.9948167
중앙구로하이츠,서울특별시 구로구 구일로8길 92,1987,579,56324.0,10.9,89.1,0.0,0.0,37.4968215,126.8762765
광장현대5단지,서울특별시 광진구 아차산로70길 61,1989,581,60508.0,29.4,70.6,0.0,0.0,37.5396425,127.0998456
압구정한양3단지,서울특별시 강남구 압구정로 401,1979,582,75262.0,0.0,0.7,73.5,25.8,37.5290496,127.0419778
창신쌍용1단지,서울특별시 종로구 동망산길 19,1992,585,59333.0,34.4,52.3,13.3,0.0,37.5805173,127.0140195
여의도한양,서울특별시 영등포구 국제금융로 79,1975,588,88763.0,0.0,0.0,38.8,61.2,37.521488,126.9325081
유원서초아파트,서울특별시 서초구 서초중앙로24길 43,1993,590,71335.0,0.0,100.0,0.0,0.0,37.4964194,127.0187163
구로현대,서울특별시 구로구 디지털로 319,1992,591,54530.0,44.7,55.3,0.0,0.0,37.488491,126.8959791
신림동부,서울특별시 관악구 신원로 26,1993,592,50828.0,41.4,54.2,4.4,0.0,37.480463,126.9292661
대림신동아,서울특별시 영등포구 가마산로 312,1987,591,58341.0,26.2,73.8,0.0,0.0,37.4968598,126.8946389
중계주공6단지,서울특별시 노원구 한글비석로8길 41,1993,600,36247.0,100.0,0.0,0.0,0.0,37.6486487,127.0783625
답십리동답한신,서울특별시 동대문구 답십리로 210-30,1992,600,45742.0,76.7,14.0,9.3,0.0,37.5708179,127.0625854
창동동아,서울특별시 도봉구 노해로70길 12,1988,600,66498.0,0.0,0.0,100.0,0.0,37.6512705,127.0503498
홍은현대,서울특별시 서대문구 연희로 377,1988,610,57861.0,27.2,72.8,0.0,0.0,37.5905613,126.938788
서초진흥,서울특별시 서초구 서초대로 385,1979,615,84451.0,0.0,0.0,80.5,19.5,37.4973943,127.0226759
남서울건영2차,서울특별시 금천구 독산로10길 96,1989,619,48917.0,38.3,61.7,0.0,0.0,37.449377,126.9107055
돈암현대,서울특별시 성북구 정릉로 404,1991,619,536020.0,45.9,54.1,0.0,0.0,37.6041274,127.0285886
도곡개포한신아파트,서울특별시 강남구 언주로 123,1985,620,62151.0,65.2,34.8,0.0,0.0,37.4868952,127.0489053
면목현대,서울특별시 중랑구 용마산로 252,1994,626,75795.0,0.0,100.0,0.0,0.0,37.5757254,127.0892098
일원샘터마을,서울특별시 강남구 일원로 120,1994,628,87502.0,0.0,0.0,97.6,2.4,37.484274,127.0826162
중계주공7단지,서울특별시 노원구 한글비석로8길 42,1993,630,38052.0,100.0,0.0,0.0,0.0,37.6471024,127.0796775
도봉럭키,서울특별시 도봉구 도봉로169길 31,1992,630,70018.0,0.0,100.0,0.0,0.0,37.6791596,127.0444585
청담삼성진흥,서울특별시 강남구 학동로87길 9,1984,630,97041.0,0.0,0.3,38.4,61.3,37.5201372,127.0514268
쌍용대치1차,서울특별시 강남구 영동대로 210,1983,630,86083.0,0.0,42.9,38.1,19.0,37.4980136,127.0710419
태릉현대,서울특별시 노원구 공릉로34길 74,1984,632,60245.0,0.0,55.7,44.3,0.0,37.6253828,127.0826165
신동아,서울특별시 성동구 독서당로 441,1995,636,67930.0,53.1,32.7,14.2,0.0,37.5544019,127.0328542
이촌대림,서울특별시 용산구 이촌로2가길 122,1994,638,94207.0,31.0,41.4,27.6,0.0,37.5256238,126.9543702
남서울 무지개,서울특별시 금천구 시흥대로73길 11,1980,639,48429.0,62.6,26.8,10.6,0.0,37.455971,126.8982269
하계시영5단지,서울특별시 노원구 한글비석로 24,1989,640,29740.0,100.0,0.0,0.0,0.0,37.6332359,127.065671
응봉금호현대,서울특별시 성동구 독서당로 377,1990,644,70582.0,27.3,52.2,20.5,0.0,37.5510665,127.0309609
수서삼익,서울특별시 강남구 광평로51길 27,1992,645,57521.0,76.7,23.3,0.0,0.0,37.4891651,127.1009549
삼환가락,서울특별시 송파구 오금로 432,1984,648,78364.0,0.0,59.1,40.9,0.0,37.4953676,127.1367851
일원목련타운,서울특별시 강남구 광평로19길 15,1993,650,91291.0,0.0,0.0,100.0,0.0,37.4852093,127.0842628
이촌현대,서울특별시 용산구 이촌로 303,1974,653,92195.0,0.0,0.8,56.7,42.6,37.5185927,126.9808408
자양우성1차,서울특별시 광진구 뚝섬로 569,1988,656,55720.0,58.8,41.2,0.0,0.0,37.534414,127.0755843
공릉2단지라이프,서울특별시 노원구 동일로198가길 149,1994,660,39162.0,100.0,0.0,0.0,0.0,37.6305821,127.0665249
도봉삼환,서울특별시 도봉구 도봉로180길 6-81,1987,660,68807.0,0.0,100.0,0.0,0.0,37.6810071,127.0488068
방학신동아2단지,서울특별시 도봉구 방학로15길 40,1992,660,83681.0,0.0,72.7,9.1,18.2,37.6591199,127.0235374
디엠씨한양,서울특별시 서대문구 응암로 28,1987,660,79165.0,0.2,64.7,35.2,0.0,37.5759022,126.9091078
가양동신대아,서울특별시 강서구 강서로 532,1993,660,133109.0,0.0,0.0,81.8,18.2,37.5723889,126.8435191
하계청구,서울특별시 노원구 공릉로 351,1988,660,62776.0,0.0,100.0,0.0,0.0,37.6377945,127.068697
가락프라자,서울특별시 송파구 문정로 125,1985,672,92094.0,0.0,42.9,50.0,7.1,37.491928,127.1335117
상계조합대림,서울특별시 노원구 상계로 193-14,1989,675,65052.0,60.0,40.0,0.0,0.0,37.6630519,127.0745267
개포경남아파트,서울특별시 강남구 언주로 110,1984,678,102480.0,0.0,0.4,57.1,42.5,37.4844613,127.0535707
방화4단지(삼익삼환),서울특별시 강서구 방화대로47가길 22,1994,680,112794.0,0.0,0.0,100.0,0.0,37.5773423,126.8141297
등촌대림아파트,서울특별시 강서구 공항대로39길 100,1995,680,105308.0,0.0,0.0,100.0,0.0,37.5621573,126.845847
하계미성,서울특별시 노원구 공릉로59길 28,1989,685,66774.0,17.5,69.3,13.1,0.0,37.6346848,127.069553
신길1차우성아파트,서울특별시 영등포구 도신로 68,1986,688,61767.0,26.5,73.5,0.0,0.0,37.5053313,126.9004211
중계주공4단지,서울특별시 노원구 덕릉로76길 29,1991,690,58605.0,65.2,34.8,0.0,0.0,37.6557402,127.0767728
쌍문금호1차아파트,서울특별시 도봉구 해등로 206,1990,690,56669.0,39.1,60.9,0.0,0.0,37.6590733,127.0335
창동상아1차,서울특별시 도봉구 해등로 118,1987,694,59634.0,49.3,50.7,0.0,0.0,37.6540521,127.0422898
중계주공8단지,서울특별시 노원구 한글비석로5길 62,1993,696,49235.0,100.0,0.0,0.0,0.0,37.6463243,127.0753469
이촌한강맨션,서울특별시 용산구 이촌로 248,1971,660,78467.0,0.0,0.0,90.9,9.1,37.5182077,126.9747156
홍제현대아파트,서울특별시 서대문구 통일로39가길 57,1992,704,86368.0,0.0,62.5,37.5,0.0,37.5890017,126.9414014
풍납현대,서울특별시 송파구 올림픽로 525,1995,708,77537.0,0.0,100.0,0.0,0.0,37.5293329,127.1188746
등촌부영,서울특별시 강서구 강서로56나길 110,1994,712,76184.0,0.0,100.0,0.0,0.0,37.5635619,126.843643
성원(사슴4),서울특별시 노원구 마들로3길 37,1995,713,52499.0,100.0,0.0,0.0,0.0,37.6297676,127.0630305
고척서울가든,서울특별시 구로구 중앙로5길 62,1989,715,70913.0,10.9,89.1,0.0,0.0,37.5017893,126.8600913
일원동 수서아파트,서울특별시 강남구 양재대로55길 12,1992,720,52885.0,100.0,0.0,0.0,0.0,37.4926394,127.0902856
신길우성2차,서울특별시 영등포구 대방천로 180,1986,725,68386.0,16.6,83.4,0.0,0.0,37.4982638,126.9125548
역삼개나리,,1979,264,51332.0,0.0,0.0,0.0,100.0,37.5007799,127.0458064
구로현대연예인,서울특별시 구로구 구일로4길 46,1989,735,72432.0,18.4,81.6,0.0,0.0,37.4929871,126.8771082
청량리신현대,서울특별시 동대문구 이문로1길 21,1989,736,73735.0,7.3,92.7,0.0,0.0,37.5896298,127.0518397
상록수아파트,서울특별시 강남구 광평로10길 15,1993,740,82830.0,0.0,100.0,0.0,0.0,37.4818518,127.0810461
송파한양2차,서울특별시 송파구 가락로 192,1984,744,98678.0,0.0,38.7,41.8,19.5,37.5050983,127.1161969
여의도광장,서울특별시 영등포구 여의나루로 7,1978,744,109237.0,0.0,0.0,39.8,60.2,37.520651,126.9207006
오금대림,서울특별시 송파구 위례성대로 176,1988,749,94110.0,0.0,51.9,48.1,0.0,37.5103525,127.1292057
상아2차아파트,서울특별시 송파구 오금로 407,1988,750,62753.0,67.2,32.8,0.0,0.0,37.4981134,127.136586
창동주공2단지,서울특별시 도봉구 해등로12길 44,1990,750,46684.0,100.0,0.0,0.0,0.0,37.6527304,127.0423156
방이코오롱,서울특별시 송파구 오금로31길 27,1991,758,83235.0,0.0,100.0,0.0,0.0,37.5090693,127.1226227
두산아파트,서울특별시 노원구 동일로241길 53,1994,763,70005.0,57.8,42.2,0.0,0.0,37.6773823,127.053155
신내8단지두산화성,서울특별시 중랑구 신내로 155,1995,763,86432.0,0.0,100.0,0.0,0.0,37.6137027,127.0951075
본동신동아,서울특별시 동작구 매봉로 134,1993,765,85044.0,35.7,29.8,34.5,0.0,37.5096842,126.9518199
"압구정 현대(10,13,14차)",서울특별시 강남구 압구정로29길 69,1982,766,89278.0,0.0,50.8,43.0,6.3,37.5306296,127.0261483
"명일삼익가든1,2차",서울특별시 강동구 상암로 224,1984,768,88072.0,8.6,67.2,16.4,7.8,37.5472116,127.1477263
용두신동아,서울특별시 동대문구 무학로26길 30,1994,772,75358.0,48.7,51.3,0.0,0.0,37.5726319,127.0322964
월계사슴2단지,서울특별시 노원구 월계로55길 16,1995,775,39329.0,100.0,0.0,0.0,0.0,37.6323576,127.061027
풍납동아한가람,서울특별시 송파구 한가람로 448,1995,782,95001.0,10.6,89.4,0.0,0.0,37.5377775,127.1153829
당산2가현대,서울특별시 영등포구 당산로 95,1994,783,99571.0,0.0,100.0,0.0,0.0,37.5235102,126.894895
삼환아파트,서울특별시 구로구 남부순환로95길 54,1995,783,98554.0,40.0,28.9,31.2,0.0,37.4966514,126.8579825
쌍문현대1차,서울특별시 도봉구 해등로 242-12,1990,783,73162.0,20.2,79.8,0.0,0.0,37.6585731,127.0312223
양재우성,서울특별시 서초구 바우뫼로 91,1991,848,92578.0,0.0,100.0,0.0,0.0,37.4655445,127.0246641
대방주공2단지,서울특별시 동작구 여의대방로44길 47,1995,798,62383.0,100.0,0.0,0.0,0.0,37.5095402,126.929455
창동주공1단지,서울특별시 도봉구 해등로 113,1990,808,59990.0,100.0,0.0,0.0,0.0,37.6534424,127.0394284
마장세림,서울특별시 성동구 마장로42길 16,1986,811,69492.0,26.0,74.0,0.0,0.0,37.5652973,127.0452055
길동우성2차,서울특별시 강동구 천호대로193길 37,1994,811,85080.0,35.6,64.4,0.0,0.0,37.5370211,127.1437013
신내진로아파트,서울특별시 중랑구 신내로17길 41,1995,818,142806.0,0.0,0.0,94.1,5.9,37.6141198,127.093395
대청,서울특별시 강남구 개포로109길 21,1992,822,56825.0,100.0,0.0,0.0,0.0,37.4941776,127.07521
쌍문한양1차,서울특별시 도봉구 우이천로 304,1986,824,76065.0,21.5,78.5,0.0,0.0,37.6460891,127.0306912
신도림미성,서울특별시 구로구 신도림로11가길 36,1987,824,71796.0,42.7,57.3,0.0,0.0,37.5072861,126.8765698
압구정한양아파트제2단지,서울특별시 강남구 압구정로 313,1978,825,120877.0,0.0,0.1,65.9,33.9,37.5298469,127.0404998
상계주공8단지,서울특별시 노원구 노원로38길 10,1988,830,35314.0,100.0,0.0,0.0,0.0,37.66397,127.0621436
가락우성1차,서울특별시 송파구 송파대로32길 8,1986,839,73785.0,75.0,0.0,25.0,0.0,37.4971891,127.1175983
공릉3단지라이프,서울특별시 노원구 섬밭로 123,1994,840,48522.0,100.0,0.0,0.0,0.0,37.6273074,127.0686144
상계주공5단지,서울특별시 노원구 동일로216길 47,1987,840,31350.0,100.0,0.0,0.0,0.0,37.6526752,127.0639994
삼익포레스트아파트,서울특별시 노원구 공릉로46길 32,1995,845,104527.0,40.4,35.5,24.1,0.0,37.626838,127.0811402
응봉대림1차,서울특별시 성동구 독서당로62길 43,1986,855,109365.0,0.0,50.9,49.1,0.0,37.5519496,127.0332766
사당우성(4-3)아파트,서울특별시 동작구 동작대로29길 115,1993,855,90542.0,43.9,17.5,38.6,0.0,37.4886826,126.9764363
홍제무악청구1차,서울특별시 서대문구 통일로 348,1994,862,104807.0,0.0,100.0,0.0,0.0,37.5819293,126.9520597
월계동신,서울특별시 노원구 광운로2나길 30,1983,864,81823.0,0.0,52.8,47.2,0.0,37.6167404,127.061025
신내성원,서울특별시 중랑구 신내로 51,1994,876,104746.0,0.0,100.0,0.0,0.0,37.6048367,127.0947898
고덕주공6단지,,1983,880,76696.0,36.5,63.5,0.0,0.0,37.5533274,127.1706806
월계사슴3단지,서울특별시 노원구 월계로55길 15,1995,884,51242.0,100.0,0.0,0.0,0.0,37.6319168,127.0595
청담삼익,서울특별시 강남구 학동로 609,1980,888,117883.0,0.0,0.0,64.9,35.1,37.5220877,127.0592063
풍납한강극동,서울특별시 송파구 토성로 38-6,1995,895,105425.0,35.2,36.8,28.0,0.0,37.5296833,127.1123385
독립문삼호,서울특별시 서대문구 독립문로 10,1995,895,117343.0,0.0,73.2,26.8,0.0,37.5703141,126.9584462
극동2차아파트,서울특별시 광진구 아차산로 552,1989,896,99012.0,0.0,84.4,9.4,6.2,37.5433615,127.1041476
번동주공4단지,서울특별시 강북구 오현로 207,1991,900,71938.0,60.0,40.0,0.0,0.0,37.6310371,127.0390097
개포주공7단지,서울특별시 강남구 개포로 516,1983,900,86507.0,20.0,80.0,0.0,0.0,37.489486,127.0724108
옥수극동,서울특별시 성동구 독서당로 191,1986,900,119053.0,16.7,43.3,0.0,40.0,37.5432748,127.0115694
월계삼호4차,서울특별시 노원구 마들로 127,1987,910,66788.0,100.0,0.0,0.0,0.0,37.626528,127.0641703
창동주공18단지,서울특별시 도봉구 노해로70길 126,1988,910,62927.0,82.4,17.6,0.0,0.0,37.6467803,127.0512267
압구정미성2차,서울특별시 강남구 압구정로 113,1987,911,131841.0,0.0,50.4,19.8,29.9,37.5235704,127.0194299
가양9-1,서울특별시 강서구 허준로 224,1992,914,53888.0,100.0,0.0,0.0,0.0,37.5600853,126.8616397
푸른마을아파트,서울특별시 강남구 일원로14길 25,1994,930,97434.0,50.1,49.9,0.0,0.0,37.4846837,127.0813262
가락삼익맨숀,서울특별시 송파구 오금로32길 5,1984,936,118773.0,0.0,43.6,46.2,10.3,37.5042198,127.1213172
상계주공13단지,서울특별시 노원구 한글비석로54길 92,1989,939,64292.0,100.0,0.0,0.0,0.0,37.6673747,127.0632601
개포주공5단지,서울특별시 강남구 삼성로4길 17,1983,940,93810.0,20.2,79.8,0.0,0.0,37.4878016,127.0680279
신당현대,서울특별시 중구 다산로36길 109,1993,942,114188.0,0.0,61.8,25.5,12.7,37.5599909,127.0217626
신반포한신5지구(12차),서울특별시 서초구 잠원로14길 41,1981,686,165554.0,45.5,14.0,33.5,7.0,37.5181174,127.0140377
중계건영3차,서울특별시 노원구 노원로22길 71,1995,948,114433.0,0.0,100.0,0.0,0.0,37.6484375,127.0750077
창동대우,서울특별시 도봉구 덕릉로63가길 43,1995,952,116476.0,50.3,49.7,0.0,0.0,37.642249,127.0373097
중계라이프신동아청구아파트,서울특별시 노원구 중계로 184,1993,960,149833.0,0.0,0.0,100.0,0.0,37.6513433,127.0787546
흑석한강현대,서울특별시 동작구 현충로 151,1988,960,118020.0,0.0,59.4,40.6,0.0,37.5066333,126.9707
삼호,서울특별시 서초구 방배로43길 2,1975,803,110501.0,0.0,34.1,44.8,21.0,37.4974479,126.9868947
길동신동아,서울특별시 강동구 천중로 264,1983,972,84022.0,0.0,56.8,43.2,0.0,37.5401404,127.1488781
방화2-2 그린,서울특별시 강서구 방화대로48길 40,1993,984,59206.0,100.0,0.0,0.0,0.0,37.5746696,126.8195884
남서울럭키아파트,서울특별시 금천구 시흥대로47길 43,1981,986,75306.0,85.4,14.6,0.0,0.0,37.4482097,126.8989408
한강타운아파트,서울특별시 강서구 허준로 23,1993,990,121520.0,0.0,100.0,0.0,0.0,37.5714005,126.844997
홍제한양,서울특별시 서대문구 통일로25길 30,1993,998,100004.0,0.0,85.0,15.0,0.0,37.5830058,126.9475449
방화6단지,서울특별시 강서구 금낭화로23길 25,1994,1000,45092.0,100.0,0.0,0.0,0.0,37.5786033,126.8108332
독산한신,서울특별시 금천구 한내로 62,1991,1000,144093.0,0.0,0.0,100.0,0.0,37.4555624,126.8893489
신내12단지,서울특별시 중랑구 봉화산로 153,1995,1000,48673.0,100.0,0.0,0.0,0.0,37.6053662,127.0911463
가양9-2,서울특별시 강서구 허준로 234,1993,1005,59860.0,100.0,0.0,0.0,0.0,37.5587215,126.863549
등촌3단지주공아파트,서울특별시 강서구 강서로56나길 37,1995,1016,82528.0,100.0,0.0,0.0,0.0,37.5616468,126.841109
대치선경,서울특별시 강남구 삼성로 151,1983,1034,148926.0,0.0,25.1,33.7,41.2,37.4924221,127.0623396
등촌주공5단지,서울특별시 강서구 공항대로39길 74,1995,1045,84528.0,100.0,0.0,0.0,0.0,37.5605195,126.8449392
"신내동성1,2차",서울특별시 중랑구 신내로 128,1993,689,118462.0,23.2,49.5,27.3,0.0,37.6092058,127.098393
반포경남,,1978,1056,115111.0,0.0,36.4,54.5,9.1,37.5058321,126.9997628
광장현대3단지아파트,서울특별시 광진구 아차산로70길 62,1990,1056,108460.0,23.9,76.1,0.0,0.0,37.5404026,127.0985124
개포주공6단지,서울특별시 강남구 개포로 516,1983,1060,94817.0,20.8,79.2,0.0,0.0,37.489122,127.0726818
방화11단지,서울특별시 강서구 개화동로21길 4,1994,1065,46596.0,100.0,0.0,0.0,0.0,37.5701413,126.8055327
사당우성2단지,서울특별시 동작구 동작대로29길 91,1993,1080,121345.0,37.5,26.4,36.1,0.0,37.4886826,126.9764363
청량리미주,서울특별시 동대문구 약령시로 147,1978,1089,138606.0,0.0,0.0,69.7,30.3,37.5839418,127.0468278
역삼럭키,서울특별시 강남구 논현로 213,1995,1094,155069.0,0.0,61.6,38.4,0.0,37.4904585,127.0398285
가양도시개발공사8단지(임대),서울특별시 강서구 허준로 176,1992,1110,65267.0,100.0,0.0,0.0,0.0,37.5616771,126.8572021
개포1차2차우성,서울특별시 강남구 선릉로 120,1983,1140,174159.0,0.0,28.9,52.6,18.4,37.4911216,127.0598978
사당 대림아파트,서울특별시 동작구 사당로17길 52,1990,1152,136437.0,14.1,49.5,36.5,0.0,37.4877838,126.972064
수서신동아,서울특별시 강남구 광평로47길 17,1992,1162,70470.0,100.0,0.0,0.0,0.0,37.4872297,127.09869
하계청솔,서울특별시 노원구 공릉로59길 25,1989,1192,82883.0,100.0,0.0,0.0,0.0,37.6323401,127.0712601
신반포4차,서울특별시 서초구 잠원로 37-48,1979,1212,147847.0,0.0,0.0,74.3,25.7,37.5087416,127.0062945
마포도화우성아파트,서울특별시 마포구 삼개로 38,1991,1222,168743.0,5.6,49.4,22.1,22.9,37.5369085,126.9473837
독산주공13단지,서울특별시 금천구 한내로 69-15,1990,1226,59441.0,100.0,0.0,0.0,0.0,37.4578532,126.8868631
압구정한양아파트제1단지,서울특별시 강남구 압구정로 347,1977,1232,141997.0,15.7,48.5,11.8,23.9,37.53035,127.0392943
전농우성,서울특별시 동대문구 사가정로 190,1992,1234,139069.0,41.3,19.4,39.2,0.0,37.5772753,127.0649702
신내5단지대림두산,서울특별시 중랑구 신내로21길 16,1995,1244,272760.0,0.0,0.0,100.0,0.0,37.6170175,127.0893092
반포미도아파트,서울특별시 서초구 서초중앙로29길 28,1987,1260,148621.0,0.0,100.0,0.0,0.0,37.5022696,127.008831
금호두산,서울특별시 성동구 동호로 100,1994,1267,144394.0,26.4,42.2,31.3,0.0,37.5506428,127.0164657
오금현대아파트,서울특별시 송파구 오금로35길 17,1984,1316,202978.0,0.0,27.7,51.1,21.3,37.5048491,127.1257434
문정시영,서울특별시 송파구 송이로31길 56,1989,1316,81117.0,100.0,0.0,0.0,0.0,37.490605,127.1354526
하계현대우성,서울특별시 노원구 섬밭로 232,1988,1320,147781072.0,0.0,79.5,20.5,0.0,37.6367077,127.0663518
고덕주공9단지,서울특별시 강동구 상암로 251,1985,1320,141846.0,0.0,100.0,0.0,0.0,37.54796,127.1498653
중계주공3단지,서울특별시 노원구 덕릉로 662,1991,1455,64137.0,100.0,0.0,0.0,0.0,37.6566663,127.0756379
서빙고신동아,서울특별시 용산구 이촌로 347,1984,1326,219462.0,0.0,0.0,19.6,80.4,37.5180956,126.9874041
신대방우성1차,서울특별시 동작구 여의대방로 22,1988,1335,178768.0,0.0,47.6,39.0,13.5,37.4922794,126.9116108
미성아파트(불광동),서울특별시 은평구 통일로 780,1988,1340,157033.0,0.0,86.6,13.4,0.0,37.6149349,126.9283299
목동8단지,서울특별시 양천구 목동서로 280,1987,1352,128390.0,61.7,20.6,17.8,0.0,37.5218999,126.8683514
잠실아시아선수촌,서울특별시 송파구 올림픽로4길 15,1986,1356,236718.0,0.0,0.0,46.9,53.1,37.5074435,127.0767086
면목2동한신아파트,서울특별시 중랑구 중랑천로 20,1987,1362,90595.0,74.3,25.7,0.0,0.0,37.5875092,127.0754781
방화5단지,서울특별시 강서구 금낭화로 287-19,1994,1372,85690.0,100.0,0.0,0.0,0.0,37.5770617,126.8103825
목동4단지,서울특별시 양천구 목동서로 130,1986,1382,133219.0,43.0,17.4,32.7,6.9,37.5320037,126.8711975
공릉1단지,서울특별시 노원구 동일로 1127,1994,1395,60621.0,100.0,0.0,0.0,0.0,37.6301175,127.0701578
수서까치마을,서울특별시 강남구 광평로19길 10,1993,1403,83491.0,100.0,0.0,0.0,0.0,37.4847039,127.0877692
번동1단지주공아파트,서울특별시 강북구 한천로105길 23,1991,1430,107672.0,69.2,30.8,0.0,0.0,37.6247516,127.0472779
수유벽산,서울특별시 강북구 삼각산로 143-1,1993,1454,173083.0,0.0,65.6,34.4,0.0,37.6419753,127.017972
가양6단지,서울특별시 강서구 허준로 175,1992,1476,104835.0,100.0,0.0,0.0,0.0,37.5632285,126.8593109
쌍문삼익,서울특별시 도봉구 해등로 195,1988,1541,120324.0,71.1,28.9,0.0,0.0,37.657078,127.0367266
사당극동,서울특별시 동작구 동작대로29길 119,1993,1550,177942.0,30.7,23.2,46.1,0.0,37.4886826,126.9764363
가양3단지(강변),서울특별시 강서구 허준로 139,1992,1556,98090.0,100.0,0.0,0.0,0.0,37.5652229,126.8556837
방화2단지,서울특별시 강서구 방화대로48길 40,1993,1563,67595.0,100.0,0.0,0.0,0.0,37.5746696,126.8195884
신반포한신2차,서울특별시 서초구 신반포로23길 41,1978,1572,163131.0,0.0,39.7,44.3,16.0,37.5092254,127.0010246
여의도시범아파트,서울특별시 영등포구 63로 45,1971,1584,171413.0,0.0,56.1,22.7,21.2,37.5205064,126.9385984
목동3단지,서울특별시 양천구 목동서로 100,1986,1588,196853.0,0.0,40.7,45.5,13.8,37.5341913,126.8714975
상계벽산,서울특별시 노원구 한글비석로 396,1989,1590,118797.0,75.8,24.2,0.0,0.0,37.6614862,127.072822
목동11단지,서울특별시 양천구 목동동로 10,1988,1595,140912.0,47.6,52.4,0.0,0.0,37.511398,126.859448
SH공사대치1단지,서울특별시 강남구 개포로109길 5,1991,1623,73357.0,100.0,0.0,0.0,0.0,37.4941776,127.07521
가양2단지,서울특별시 강서구 허준로 47,1992,1624,99589.0,100.0,0.0,0.0,0.0,37.5702365,126.8480726
대방대림,서울특별시 동작구 여의대방로44길 10,1993,1628,241528.0,35.0,35.0,18.3,11.7,37.507338,126.9246341
"쌍문한양2,3,4차",서울특별시 도봉구 해등로 231,1988,1635,117242.0,65.1,34.9,0.0,0.0,37.657183,127.032096
창동삼성,서울특별시 도봉구 노해로66길 21,1992,1668,191067.0,0.0,100.0,0.0,0.0,37.6490829,127.0485546
등촌주공1단지,서울특별시 강서구 강서로68길 36,1994,1670,74105.0,100.0,0.0,0.0,0.0,37.5649371,126.8425169
창동주공4단지,서울특별시 도봉구 덕릉로 349,1991,1710,104150.0,100.0,0.0,0.0,0.0,37.6454834,127.0472453
상계주공12단지,서울특별시 노원구 한글비석로 530,1988,1739,134728.0,79.3,20.7,0.0,0.0,37.6661694,127.0593426
개포대치2단지,서울특별시 강남구 개포로109길 9,1992,1753,105381.0,100.0,0.0,0.0,0.0,37.4946695,127.0755080
창동주공19단지,서울특별시 도봉구 노해로70길 54,1988,1764,176236.0,13.6,62.6,23.8,0.0,37.6494912,127.0531884
중계주공2단지,서울특별시 노원구 한글비석로14길 8,1992,1800,110267.0,100.0,0.0,0.0,0.0,37.6579558,127.0779964
SH성산아파트,서울특별시 마포구 월드컵로 207,1991,1807,84189.0,100.0,0.0,0.0,0.0,37.5643113,126.9014624
"잠실우성1,2,3차",서울특별시 송파구 올림픽로4길 42,1981,1842,233187.0,0.0,18.7,66.8,14.5,37.5068615,127.073165
목동5단지,서울특별시 양천구 목동동로 350,1986,1848,228521.0,0.0,28.4,57.1,14.4,37.5332441,126.8829057
목동12단지,서울특별시 양천구 목동동로 50,1988,1860,161791.0,25.3,74.7,0.0,0.0,37.5132319,126.8623246
하계 6단지 장미아파트,서울특별시 노원구 섬밭로 196,1989,1880,131294.0,78.3,21.7,0.0,0.0,37.6337068,127.0678724
중계경남롯데상아,서울특별시 노원구 섬밭로 265,1989,1890,184060.0,27.0,58.7,14.3,0.0,37.638983,127.0626385
압구정신현대,서울특별시 강남구 압구정로 151,1982,1924,296925.0,0.0,0.1,45.3,54.7,37.5262291,127.0244949
상계주공11단지,서울특별시 노원구 동일로227길 25,1988,1944,157743.0,65.4,34.6,0.0,0.0,37.6657377,127.0556395
하계극동건영벽산,서울특별시 노원구 섬밭로 229,1988,1980,169224.0,37.9,62.1,0.0,0.0,37.6355286,127.0648499
상계17단지,서울특별시 도봉구 덕릉로66길 17,1989,1980,107984.0,100.0,0.0,0.0,0.0,37.6441576,127.0533313
가양4단지,서울특별시 강서구 양천로57길 37,1992,1998,88203.0,100.0,0.0,0.0,0.0,37.5650258,126.8510376
월계주공1단지,서울특별시 노원구 초안산로1길 51,1992,2298,100682.0,100.0,0.0,0.0,0.0,37.6265297,127.0517313
월계주공2단지,서울특별시 노원구 초안산로1길 18,1992,2002,135018.0,91.0,9.0,0.0,0.0,37.6265297,127.0517313
상계주공2단지,서울특별시 노원구 동일로215길 23,1987,2029,153686.0,75.3,24.7,0.0,0.0,37.6503337,127.0600209
목동9단지,서울특별시 양천구 목동서로 340,1987,2030,250050.0,11.8,30.6,49.0,8.6,37.5187044,126.8613466
상계주공1단지,서울특별시 노원구 동일로213길 21,1988,2064,150894.0,78.4,21.6,0.0,0.0,37.646847,127.0590541
상계주공15단지,서울특별시 노원구 동일로227길 26,1988,2100,137241.0,100.0,0.0,0.0,0.0,37.6683012,127.055611
구로주공,서울특별시 구로구 구일로4길 65,1986,2126,186670.0,31.3,68.7,0.0,0.0,37.4935926,126.8755006
관악현대,서울특별시 관악구 관악로 304,1992,2134,245534.0,24.0,41.3,34.6,0.0,37.4920393,126.9583526
상계주공4단지,서울특별시 노원구 동일로 1362,1988,2136,154389.0,79.9,20.1,0.0,0.0,37.6504505,127.0634916
신월시영아파트,서울특별시 양천구 신월로 99,1988,2256,161114.0,100.0,0.0,0.0,0.0,37.5176143,126.8359615
상계주공14단지,서울특별시 노원구 동일로228길 23,1989,2265,163274.0,82.8,10.6,6.6,0.0,37.6688541,127.0594091
목동13단지,서울특별시 양천구 목동동로 100,1987,2280,275572.0,10.5,35.3,43.2,11.0,37.514173,126.8650104
중계주공5단지,서울특별시 노원구 중계로 230,1992,2328,174605.0,69.1,30.9,0.0,0.0,37.6532581,127.0766362
상계주공16단지,서울특별시 노원구 동일로227길 86,1988,2392,190602.0,90.0,10.0,0.0,0.0,37.6687238,127.0553293
명일삼익그린2차,서울특별시 강동구 고덕로 210,1983,2400,221766.0,31.9,50.6,17.5,0.0,37.5532919,127.148467
가양5단지,서울특별시 강서구 양천로57길 36,1992,2412,107846.0,100.0,0.0,0.0,0.0,37.5636713,126.8548294
중계무지개아파트,서울특별시 노원구 동일로208길 20,1991,2433,172371.0,100.0,0.0,0.0,0.0,37.6427243,127.0665685
대치미도맨션,서울특별시 강남구 삼성로 150,1983,2436,362381.0,0.0,25.3,55.2,19.5,37.4933854,127.067338
목동7단지,서울특별시 양천구 목동로 212,1986,2550,244025.0,28.2,47.1,24.7,0.0,37.5290303,126.869144
수서주공,서울특별시 강남구 광평로51길 49,1992,2565,116832.0,100.0,0.0,0.0,0.0,37.4903395,127.0997555
중계시영3단지목련,서울특별시 노원구 노원로 331,1991,2619,125080.0,100.0,0.0,0.0,0.0,37.6465111,127.069028
상계주공7단지,서울특별시 노원구 상계로1길 92,1988,2634,190485.0,90.9,9.1,0.0,0.0,37.6580044,127.060964
"잠원한신4지구(8차~11차,17차)",서울특별시 서초구 나루터로4길 39,1981,2640,227373.0,45.0,32.1,4.7,18.2,37.5116554,127.0123844
상계주공6단지,서울특별시 노원구 노해로 508,1988,2646,203067.0,100.0,0.0,0.0,0.0,37.6534408,127.0630823
상계주공10단지,서울특별시 노원구 노원로 564,1988,2654,197224.0,82.8,17.2,0.0,0.0,37.6634281,127.0538808
도봉한신,서울특별시 도봉구 마들로 859-19,1995,2678,346446.0,0.0,100.0,0.0,0.0,37.6857192,127.0480587
상계주공9단지,서울특별시 노원구 노원로 532,1988,2830,217994.0,70.3,29.7,0.0,0.0,37.662167,127.059948
창동주공3단지,서울특별시 도봉구 해등로 50,1990,2856,238813.0,62.5,37.5,0.0,0.0,37.6500348,127.045837
신정양천,서울특별시 양천구 목동로3길 41,1995,2995,176355.0,100.0,0.0,0.0,0.0,37.5099235,126.8632848
목동14단지,서울특별시 양천구 목동동로 130,1987,3100,331864.0,23.2,41.0,33.9,1.9,37.5151892,126.8713633
압구정현대아파트,서울특별시 강남구 압구정로29길 71,1976,3130,516492.0,0.0,21.0,12.4,66.7,37.5331972,127.0280917
방학신동아1단지,서울특별시 도봉구 시루봉로 107,1986,3169,297343.0,36.4,52.6,11.0,0.0,37.6606886,127.0286105
상계보람,서울특별시 노원구 한글비석로 480,1988,3315,294983.0,40.3,59.7,0.0,0.0,37.6627915,127.0644118
신천장미1차2차,서울특별시 송파구 올림픽로35길 104,1979,3402,412227.0,0.0,58.4,34.2,7.4,37.519587,127.0994131
중계그린,서울특별시 노원구 동일로207길 18,1990,3481,237406.0,100.0,0.0,0.0,0.0,37.6420264,127.0641156
성산시영아파트,서울특별시 마포구 월드컵북로 260,1986,3710,280399.0,100.0,0.0,0.0,0.0,37.5684652,126.9028201
월계시영고층,서울특별시 노원구 마들로 111,1986,3930,280427.0,100.0,0.0,0.0,0.0,37.6239862,127.0657785
반포본동아파트,서울특별시 서초구 신반포로3길 14,1973,3610,427856.0,0.0,41.3,37.1,21.6,37.5030465,126.9869329
은마,서울특별시 강남구 삼성로 212,1979,4424,504698.0,0.0,100.0,0.0,0.0,37.4977415,127.0650701
올림픽훼밀리타운,서울특별시 송파구 중대로 24,1988,4494,667132.0,0.0,33.4,20.0,46.6,37.4885215,127.1143761
개포주공1단지,서울특별시 강남구 개포로 310,1982,5040,240629.0,98.7,1.3,0.0,0.0,37.4800022,127.0585214
올림픽선수기자촌아파트,서울특별시 송파구 양재대로 1218,1988,5540,854994.0,0.0,36.7,49.2,14.0,37.5179148,127.1361039
반포미도2차,서울특별시 서초구 사평대로 240,1989,435,41174.0,13.8,86.2,0.0,0.0,37.5023578,127.0075124
잠실5단지아파트,서울특별시 송파구 송파대로 567,1978,3930,455033.0,0.0,100.0,0.0,0.0,37.5143691,127.093004
신반포22,서울특별시 서초구 잠원로 86,1983,132,16.0,0.0,0.0,100.0,0.0,37.5124574,127.0079051
사당신동아4단지,서울특별시 동작구 동작대로29길 110,1993,912,91646.0,51.0,22.7,26.3,0.0,37.4886826,126.9764363
독산주공14단지,서울특별시 금천구 한내로 69-54,1990,840,54437.0,89.3,10.7,0.0,0.0,37.4601188,126.8865685
청실아파트,서울특별시 구로구 경인로40길 25,1987,156,14898.0,0.0,100.0,0.0,0.0,37.4954923,126.8597726
마곡중앙하이츠아파트,서울특별시 강서구 양천로6길 28,1994,930,65845.0,100.0,0.0,0.0,0.0,37.5697906,126.80664
목동1단지,서울특별시 양천구 목동서로 38,1985,1882,219212.0,12.8,26.7,51.6,8.9,37.5392044,126.880561
방학신동아3단지,서울특별시 도봉구 방학로15길 26-7,1992,210,23132.0,0.0,100.0,0.0,0.0,37.6602606,127.0232617
고덕현대아파트,서울특별시 강동구 동남로71길 41,1986,524,73374.0,0.0,31.3,68.7,0.0,37.5505067,127.1535479
하계삼익선경,서울특별시 노원구 노원로 214,1993,396,67222.0,0.0,0.0,100.0,0.0,37.6390508,127.076932
한남하이츠,서울특별시 성동구 독서당로 156,1982,535,75886.0,0.0,0.0,46.5,53.5,37.539745,127.0141559
중계건영2차,서울특별시 노원구 덕릉로 517,1991,742,73398.0,0.0,100.0,0.0,0.0,37.6474564,127.0666719
상계미도,서울특별시 노원구 덕릉로 459-18,1988,600,76110.0,0.0,0.0,100.0,0.0,37.6461776,127.0610376
수유극동아파트,서울특별시 강북구 인수봉로72길 4,1992,574,66879.0,0.0,85.4,9.8,4.9,37.6419306,127.0121448
방학청구,서울특별시 도봉구 해등로 264,1994,978,105166.0,0.0,100.0,0.0,0.0,37.6580542,127.0262264
방학우성1차,서울특별시 도봉구 해등로 286-5,1992,658,73801.0,17.0,83.0,0.0,0.0,37.6579642,127.0238773
청담건영아파트,서울특별시 강남구 도산대로89길 49,1994,240,30509.0,0.0,100.0,0.0,0.0,37.5274224,127.0523705
목동2단지,서울특별시 양천구 목동서로 70,1986,1640,207571.0,0.0,24.4,64.0,11.6,37.5374403,126.8762201
상계주공3단지,서울특별시 노원구 동일로 1389,1987,2213,186785.0,58.7,41.3,0.0,0.0,37.651102,127.0568216
상도삼호,서울특별시 동작구 상도로 407,1994,682,81197.0,32.4,37.7,29.9,0.0,37.5012043,126.9509806
등촌우성101동,서울특별시 강서구 화곡로68길 115,1992,134,12916.0,6.0,94.0,0.0,0.0,37.5573574,126.8603664
등촌우성102동,서울특별시 강서구 화곡로68길 103,1992,110,13159.0,0.0,100.0,0.0,0.0,37.5576039,126.8599261
하계한신동성,서울특별시 노원구 한글비석로 151,1993,498,84705.0,0.0,0.0,55.0,45.0,37.6398137,127.0755733
수서1-1단지아파트,서울특별시 강남구 양재대로55길 10,1992,2214,170989.0,100.0,0.0,0.0,0.0,37.4927536,127.0909823
신동아아파트,서울특별시 서초구 사임당로 137,1978,997,113858.0,0.0,26.1,60.3,13.6,37.4904484,127.024545
명수대현대아파트,서울특별시 동작구 현충로 119,1988,660,91430.0,0.0,50.0,40.9,9.1,37.5079377,126.9667533
방화동성아파트,서울특별시 강서구 금낭화로23길 8,1993,686,65560.0,0.0,100.0,0.0,0.0,37.5796258,126.8119701
하계한신,서울특별시 노원구 공릉로 351,1988,1200,55504.0,100.0,0.0,0.0,0.0,37.6377945,127.068697
개포한신,서울특별시 강남구 개포로110길 43,1984,364,42315.0,0.0,36.8,63.2,0.0,37.4911612,127.0786887
방배신삼호,서울특별시 서초구 방배로 270,1983,481,85111.0,0.0,0.0,24.3,75.7,37.4971521,126.9897344
관악국제산장,서울특별시 관악구 호암로 417,1993,630,72052.0,19.0,81.0,0.0,0.0,37.4612442,126.9280602
길동삼익파크,서울특별시 강동구 명일로 293,1982,1092,102794.0,17.6,46.2,25.3,11.0,37.5448343,127.1476738
목동10단지,서울특별시 양천구 목동서로 400,1987,2160,236932.0,26.4,27.0,42.6,3.9,37.5165011,126.8587497
연희대림아파트,서울특별시 서대문구 연희로32길 20,1993,220,27331.0,0.0,63.6,36.4,0.0,37.5754721,126.9362953
벽산1,서울특별시 도봉구 방학로11길 36,1991,489,40700.0,30.5,69.5,0.0,0.0,37.6600699,127.0317182
창신쌍용아파트2단지,서울특별시 종로구 낙산길 198,1993,919,97541.0,17.0,61.7,21.3,0.0,37.5806115,127.0117627
도곡한신,서울특별시 강남구 논현로 205,1988,421,46484.0,15.4,63.2,21.4,0.0,37.4878586,127.0402373
미아현대,서울특별시 강북구 도봉로68길 26,1992,231,25200.0,0.0,100.0,0.0,0.0,37.6307852,127.0258094
중계주공1단지,서울특별시 노원구 동일로210길 22,1990,882,37153.0,100.0,0.0,0.0,0.0,37.6478396,127.0658713
중계주공9단지,서울특별시 노원구 노원로16길 15,1992,2634,119061.0,100.0,0.0,0.0,0.0,37.6430931,127.0742657
서울우면,서울특별시 서초구 바우뫼로7길 11,1994,984,43895.0,100.0,0.0,0.0,0.0,37.4701978,127.0242323
대방주공1단지,서울특별시 동작구 여의대방로44길 47,1993,925,45044.0,100.0,0.0,0.0,0.0,37.5108249,126.9300624
등촌주공4단지,서울특별시 강서구 공항대로39길 59,1995,1575,65238.0,100.0,0.0,0.0,0.0,37.5621004,126.8430032
등촌주공7단지,서울특별시 강서구 공항대로43길 104,1994,1146,49597.0,100.0,0.0,0.0,0.0,37.5605474,126.851713
등촌주공9단지,서울특별시 강서구 화곡로63가길 92,1994,1445,66043.0,100.0,0.0,0.0,0.0,37.5616596,126.849539
가양7단지,서울특별시 강서구 허준로 209,1992,1998,83872.0,100.0,0.0,0.0,0.0,37.5621998,126.8616635
등촌주공6단지,서울특별시 강서구 화곡로63가길 18,1995,559,34120.0,100.0,0.0,0.0,0.0,37.5594739,126.8484236
신림주공1단지,서울특별시 관악구 광신길 160,1995,960,60799.0,100.0,0.0,0.0,0.0,37.4658557,126.9275015
개포7차우성,서울특별시 강남구 개포로110길 15,1987,802,88378.0,0.0,100.0,0.0,0.0,37.4922905,127.0783361
목동6단지,서울특별시 양천구 목동동로 430,1986,1362,142544.0,43.6,17.6,31.7,7.0,37.5350632,126.8850851
신림현대,서울특별시 관악구 신림로29길 8,1993,1634,171854.0,43.1,20.2,36.7,0.0,37.4749367,126.9323775
서울주택도시공사 수서6단지,서울특별시 강남구 광평로56길 11,1992,1512,62909.0,100.0,0.0,0.0,0.0,37.487264,127.1045185
홍은동미성아파트,서울특별시 서대문구 연희로41길 102,1985,300,36311.0,0.0,68.0,32.0,0.0,37.5938186,126.935449
개포주공4단지,,1982,2840,125214.0,100.0,0.0,0.0,0.0,37.4863102,127.0731699
서초삼풍,서울특별시 서초구 서초중앙로 200,1988,2390,368535.0,0.0,43.9,30.4,25.7,37.4991876,127.0160708
월계사슴1단지,서울특별시 노원구 월계로 372,1995,1372,58984.0,100.0,0.0,0.0,0.0,37.6300507,127.0605132
면목,서울특별시 중랑구 용마산로 228,1991,905,44092.0,100.0,0.0,0.0,0.0,37.5918939,127.0878438
중계4단지목화,서울특별시 노원구 노원로19길 31,1991,1979,226394.0,100.0,0.0,0.0,0.0,37.6435986,127.0696523
도곡쌍용예가,서울특별시 강남구 남부순환로363길 30,1978,132,77270.0,0.0,9.1,63.6,27.3,37.4870576,127.0390313
중계현대3차,서울특별시 노원구 중계로 172-13,1992,130,14529.0,0.0,100.0,0.0,0.0,37.6503905,127.0817573
둔촌현대3차,서울특별시 강동구 진황도로 211,1988,160,15398.0,4.4,95.6,0.0,0.0,37.5272306,127.1452461
래미안대치하이스턴,서울특별시 강남구 도곡로93길 12,1989,354,69009.0,0.0,0.0,100.0,0.0,37.5011653,127.0656002
청담래미안로이뷰,서울특별시 강남구 영동대로142길 16,1992,177,36358.0,0.0,0.0,100.0,0.0,37.5179279,127.0428004
번동주공5단지,서울특별시 강북구 오현로31길 141,1991,1123,55973.0,100.0,0.0,0.0,0.0,37.633145753,127.033892838
면목한신,서울특별시 중랑구 중랑천로 20,1987,1362,93503.0,74.3,25.7,0.0,0.0,37.587052522,127.074317755
번동주공2단지,서울특별시 강북구 한천로105길 24,1991,1766,89503.0,100.0,0.0,0.0,0.0,37.625696977,127.044693051
개포4차현대아파트,서울특별시 강남구 개포로110길 21,1987,142,14780.0,0.0,100.0,0.0,0.0,37.490936857,127.077334893
장미3차,서울특별시 송파구 올림픽로35길 94,1984,120,19331.0,0.0,0.0,100.0,0.0,37.518212714,127.103177711
워커힐푸르지오,서울특별시 광진구 아차산로78길 12,1987,200,26756.0,0.0,65.0,35.0,0.0,37.549872011,127.10927513
중계현대2차,서울특별시 노원구 중계로8길 103,1993,140,14997.0,0.0,100.0,0.0,0.0,37.648093536,127.084614411
극동강변아파트,서울특별시 동작구 매봉로 156,1992,123,13817.0,0.0,100.0,0.0,0.0,37.511641432,126.951985017
묵정아파트,서울특별시 중구 서애로1길 34,1981,122,7354.0,99.2,0.0,0.8,0.0,37.560705866,127.000070648
창동서울가든아파트,서울특별시 도봉구 해등로 32,1992,160,26749.0,0.0,0.0,50.0,50.0,37.646796059,127.044732251
청담아이파크아파트,서울특별시 강남구 영동대로142길 25,1992,108,20808.0,0.0,0.0,100.0,0.0,37.525076867,127.05548894
목동금호타운아파트,서울특별시 양천구 목동중앙남로3길 11,1995,103,12681.0,45.6,54.4,0.0,0.0,37.535931,126.867077
대림 우성2차,서울특별시 영등포구 도림로47길 1,1992,120,14183.0,0.0,100.0,0.0,0.0,37.495928,126.89981
대치1차현대아파트,서울특별시 강남구 영동대로57길 28,1990,120,13420.0,0.0,100.0,0.0,0.0,37.4997456,127.0651317
태흥아파트,서울특별시 관악구 호암로 541,1995,127,12813.0,86.6,13.4,0.0,0.0,37.46601,126.93104
문정현대아파트,서울특별시 송파구 송파대로20길 28,1993,120,12460.0,50.0,50.0,0.0,0.0,37.4858272,127.1262726
개포6차우성아파트,서울특별시 강남구 언주로 3,1987,270,22637.0,7.4,92.6,0.0,0.0,37.476763,127.05721
신림한양아파트,서울특별시 관악구 미성5길 33,1992,132,14551.0,0.0,100.0,0.0,0.0,37.4730334,126.9150426
